ID,Verde,NIR
Pina_26meses(SC),0.023,0.39
Pina_26meses(SC),0.016,0.456
Pina_26meses(SC),0.027,0.424
Pina_26meses(SC),0.019,0.394
Pina_26meses(SC),0.019,0.407
Pina_26meses(SC),0.015,0.389
Pina_26meses(SC),0.013,0.322
Pina_26meses(SC),0.016,0.426
Pina_26meses(SC),0.017,0.351
Pina_26meses(SC),0.018,0.335
Pina_26meses(SC),0.018,0.405
Pina_26meses(SC),0.015,0.388
Pina_26meses(SC),0.014,0.352
Pina_26meses(SC),0.017,0.439
Pina_26meses(SC),0.028,0.395
Pina_26meses(SC),0.018,0.349
Pina_26meses(SC),0.022,0.323
Pina_26meses(SC),0.018,0.379
Pina_26meses(SC),0.019,0.34
Pina_26meses(SC),0.018,0.453
Pina_26meses(SC),0.023,0.393
Pina_26meses(SC),0.017,0.46
Pina_26meses(SC),0.028,0.427
Pina_26meses(SC),0.019,0.398
Pina_26meses(SC),0.019,0.412
Pina_26meses(SC),0.015,0.393
Pina_26meses(SC),0.013,0.326
Pina_26meses(SC),0.016,0.431
Pina_26meses(SC),0.017,0.354
Pina_26meses(SC),0.018,0.339
Pina_26meses(SC),0.018,0.41
Pina_26meses(SC),0.015,0.392
Pina_26meses(SC),0.015,0.356
Pina_26meses(SC),0.017,0.443
Pina_26meses(SC),0.028,0.399
Pina_26meses(SC),0.018,0.352
Pina_26meses(SC),0.022,0.326
Pina_26meses(SC),0.018,0.383
Pina_26meses(SC),0.02,0.343
Pina_26meses(SC),0.018,0.458
Pina_26meses(SC),0.024,0.397
Pina_26meses(SC),0.017,0.464
Pina_26meses(SC),0.028,0.43
Pina_26meses(SC),0.02,0.402
Pina_26meses(SC),0.019,0.416
Pina_26meses(SC),0.015,0.397
Pina_26meses(SC),0.013,0.329
Pina_26meses(SC),0.017,0.435
Pina_26meses(SC),0.017,0.357
Pina_26meses(SC),0.018,0.342
Pina_26meses(SC),0.018,0.414
Pina_26meses(SC),0.015,0.396
Pina_26meses(SC),0.015,0.359
Pina_26meses(SC),0.017,0.447
Pina_26meses(SC),0.028,0.402
Pina_26meses(SC),0.019,0.354
Pina_26meses(SC),0.022,0.329
Pina_26meses(SC),0.019,0.386
Pina_26meses(SC),0.02,0.346
Pina_26meses(SC),0.019,0.463
Pina_26meses(SC),0.024,0.4
Pina_26meses(SC),0.017,0.468
Pina_26meses(SC),0.028,0.432
Pina_26meses(SC),0.02,0.405
Pina_26meses(SC),0.02,0.419
Pina_26meses(SC),0.015,0.401
Pina_26meses(SC),0.014,0.332
Pina_26meses(SC),0.017,0.439
Pina_26meses(SC),0.017,0.36
Pina_26meses(SC),0.019,0.345
Pina_26meses(SC),0.018,0.418
Pina_26meses(SC),0.016,0.399
Pina_26meses(SC),0.015,0.362
Pina_26meses(SC),0.018,0.451
Pina_26meses(SC),0.029,0.406
Pina_26meses(SC),0.019,0.356
Pina_26meses(SC),0.022,0.331
Pina_26meses(SC),0.019,0.389
Pina_26meses(SC),0.02,0.349
Pina_26meses(SC),0.019,0.467
Pina_26meses(SC),0.024,0.403
Pina_26meses(SC),0.018,0.471
Pina_26meses(SC),0.029,0.435
Pina_26meses(SC),0.02,0.408
Pina_26meses(SC),0.02,0.422
Pina_26meses(SC),0.016,0.404
Pina_26meses(SC),0.014,0.334
Pina_26meses(SC),0.017,0.442
Pina_26meses(SC),0.018,0.362
Pina_26meses(SC),0.019,0.347
Pina_26meses(SC),0.018,0.421
Pina_26meses(SC),0.016,0.402
Pina_26meses(SC),0.015,0.365
Pina_26meses(SC),0.018,0.454
Pina_26meses(SC),0.029,0.409
Pina_26meses(SC),0.019,0.358
Pina_26meses(SC),0.022,0.333
Pina_26meses(SC),0.019,0.392
Pina_26meses(SC),0.02,0.351
Pina_26meses(SC),0.019,0.471
Pina_26meses(SC),0.025,0.407
Pina_26meses(SC),0.018,0.474
Pina_26meses(SC),0.029,0.439
Pina_26meses(SC),0.021,0.411
Pina_26meses(SC),0.02,0.426
Pina_26meses(SC),0.016,0.407
Pina_26meses(SC),0.014,0.336
Pina_26meses(SC),0.017,0.444
Pina_26meses(SC),0.018,0.365
Pina_26meses(SC),0.019,0.35
Pina_26meses(SC),0.019,0.425
Pina_26meses(SC),0.016,0.405
Pina_26meses(SC),0.015,0.366
Pina_26meses(SC),0.018,0.456
Pina_26meses(SC),0.029,0.411
Pina_26meses(SC),0.02,0.36
Pina_26meses(SC),0.023,0.334
Pina_26meses(SC),0.019,0.394
Pina_26meses(SC),0.021,0.354
Pina_26meses(SC),0.02,0.475
Pina_26meses(SC),0.025,0.409
Pina_26meses(SC),0.019,0.478
Pina_26meses(SC),0.03,0.439
Pina_26meses(SC),0.021,0.415
Pina_26meses(SC),0.02,0.429
Pina_26meses(SC),0.016,0.409
Pina_26meses(SC),0.014,0.338
Pina_26meses(SC),0.018,0.446
Pina_26meses(SC),0.018,0.367
Pina_26meses(SC),0.019,0.353
Pina_26meses(SC),0.019,0.427
Pina_26meses(SC),0.016,0.407
Pina_26meses(SC),0.016,0.369
Pina_26meses(SC),0.019,0.458
Pina_26meses(SC),0.03,0.412
Pina_26meses(SC),0.02,0.362
Pina_26meses(SC),0.023,0.337
Pina_26meses(SC),0.02,0.397
Pina_26meses(SC),0.021,0.355
Pina_26meses(SC),0.02,0.477
Pina_26meses(SC),0.026,0.41
Pina_26meses(SC),0.019,0.484
Pina_26meses(SC),0.031,0.437
Pina_26meses(SC),0.021,0.419
Pina_26meses(SC),0.021,0.432
Pina_26meses(SC),0.017,0.411
Pina_26meses(SC),0.015,0.34
Pina_26meses(SC),0.018,0.447
Pina_26meses(SC),0.019,0.367
Pina_26meses(SC),0.02,0.356
Pina_26meses(SC),0.019,0.43
Pina_26meses(SC),0.017,0.41
Pina_26meses(SC),0.016,0.374
Pina_26meses(SC),0.019,0.459
Pina_26meses(SC),0.03,0.412
Pina_26meses(SC),0.021,0.364
Pina_26meses(SC),0.023,0.343
Pina_26meses(SC),0.02,0.398
Pina_26meses(SC),0.021,0.355
Pina_26meses(SC),0.02,0.478
Pina_26meses(SC),0.026,0.412
Pina_26meses(SC),0.02,0.493
Pina_26meses(SC),0.031,0.434
Pina_26meses(SC),0.022,0.424
Pina_26meses(SC),0.021,0.436
Pina_26meses(SC),0.017,0.414
Pina_26meses(SC),0.015,0.342
Pina_26meses(SC),0.018,0.448
Pina_26meses(SC),0.019,0.366
Pina_26meses(SC),0.02,0.36
Pina_26meses(SC),0.02,0.433
Pina_26meses(SC),0.017,0.414
Pina_26meses(SC),0.016,0.379
Pina_26meses(SC),0.019,0.46
Pina_26meses(SC),0.031,0.411
Pina_26meses(SC),0.021,0.367
Pina_26meses(SC),0.023,0.35
Pina_26meses(SC),0.02,0.399
Pina_26meses(SC),0.022,0.354
Pina_26meses(SC),0.021,0.478
Pina_26meses(SC),0.027,0.42
Pina_26meses(SC),0.02,0.499
Pina_26meses(SC),0.032,0.44
Pina_26meses(SC),0.022,0.428
Pina_26meses(SC),0.022,0.44
Pina_26meses(SC),0.017,0.417
Pina_26meses(SC),0.015,0.342
Pina_26meses(SC),0.019,0.448
Pina_26meses(SC),0.02,0.369
Pina_26meses(SC),0.021,0.366
Pina_26meses(SC),0.02,0.438
Pina_26meses(SC),0.018,0.417
Pina_26meses(SC),0.016,0.378
Pina_26meses(SC),0.02,0.461
Pina_26meses(SC),0.031,0.413
Pina_26meses(SC),0.022,0.368
Pina_26meses(SC),0.024,0.349
Pina_26meses(SC),0.021,0.399
Pina_26meses(SC),0.022,0.354
Pina_26meses(SC),0.021,0.481
Pina_26meses(SC),0.027,0.427
Pina_26meses(SC),0.021,0.503
Pina_26meses(SC),0.033,0.445
Pina_26meses(SC),0.022,0.43
Pina_26meses(SC),0.022,0.443
Pina_26meses(SC),0.018,0.42
Pina_26meses(SC),0.016,0.342
Pina_26meses(SC),0.019,0.449
Pina_26meses(SC),0.02,0.371
Pina_26meses(SC),0.021,0.369
Pina_26meses(SC),0.02,0.442
Pina_26meses(SC),0.018,0.419
Pina_26meses(SC),0.017,0.377
Pina_26meses(SC),0.021,0.463
Pina_26meses(SC),0.032,0.415
Pina_26meses(SC),0.022,0.369
Pina_26meses(SC),0.024,0.346
Pina_26meses(SC),0.021,0.399
Pina_26meses(SC),0.023,0.355
Pina_26meses(SC),0.022,0.484
Pina_26meses(SC),0.028,0.427
Pina_26meses(SC),0.021,0.503
Pina_26meses(SC),0.034,0.445
Pina_26meses(SC),0.023,0.431
Pina_26meses(SC),0.022,0.443
Pina_26meses(SC),0.018,0.422
Pina_26meses(SC),0.016,0.344
Pina_26meses(SC),0.02,0.452
Pina_26meses(SC),0.021,0.371
Pina_26meses(SC),0.021,0.368
Pina_26meses(SC),0.021,0.443
Pina_26meses(SC),0.019,0.421
Pina_26meses(SC),0.017,0.378
Pina_26meses(SC),0.021,0.465
Pina_26meses(SC),0.032,0.417
Pina_26meses(SC),0.023,0.37
Pina_26meses(SC),0.025,0.347
Pina_26meses(SC),0.021,0.4
Pina_26meses(SC),0.024,0.356
Pina_26meses(SC),0.022,0.486
Pina_26meses(SC),0.028,0.426
Pina_26meses(SC),0.022,0.502
Pina_26meses(SC),0.035,0.446
Pina_26meses(SC),0.024,0.432
Pina_26meses(SC),0.023,0.445
Pina_26meses(SC),0.019,0.424
Pina_26meses(SC),0.017,0.347
Pina_26meses(SC),0.02,0.455
Pina_26meses(SC),0.021,0.374
Pina_26meses(SC),0.022,0.369
Pina_26meses(SC),0.021,0.444
Pina_26meses(SC),0.019,0.423
Pina_26meses(SC),0.018,0.38
Pina_26meses(SC),0.022,0.468
Pina_26meses(SC),0.033,0.42
Pina_26meses(SC),0.024,0.371
Pina_26meses(SC),0.025,0.348
Pina_26meses(SC),0.022,0.403
Pina_26meses(SC),0.024,0.359
Pina_26meses(SC),0.023,0.489
Pina_26meses(SC),0.029,0.427
Pina_26meses(SC),0.023,0.501
Pina_26meses(SC),0.036,0.449
Pina_26meses(SC),0.024,0.433
Pina_26meses(SC),0.023,0.446
Pina_26meses(SC),0.019,0.426
Pina_26meses(SC),0.017,0.349
Pina_26meses(SC),0.021,0.459
Pina_26meses(SC),0.022,0.376
Pina_26meses(SC),0.022,0.369
Pina_26meses(SC),0.022,0.446
Pina_26meses(SC),0.02,0.424
Pina_26meses(SC),0.018,0.382
Pina_26meses(SC),0.023,0.471
Pina_26meses(SC),0.034,0.423
Pina_26meses(SC),0.024,0.372
Pina_26meses(SC),0.025,0.349
Pina_26meses(SC),0.022,0.406
Pina_26meses(SC),0.025,0.362
Pina_26meses(SC),0.024,0.493
Pina_26meses(SC),0.03,0.427
Pina_26meses(SC),0.024,0.5
Pina_26meses(SC),0.037,0.451
Pina_26meses(SC),0.025,0.433
Pina_26meses(SC),0.024,0.447
Pina_26meses(SC),0.02,0.427
Pina_26meses(SC),0.018,0.352
Pina_26meses(SC),0.021,0.463
Pina_26meses(SC),0.023,0.379
Pina_26meses(SC),0.023,0.369
Pina_26meses(SC),0.022,0.447
Pina_26meses(SC),0.02,0.426
Pina_26meses(SC),0.019,0.384
Pina_26meses(SC),0.023,0.474
Pina_26meses(SC),0.034,0.426
Pina_26meses(SC),0.025,0.373
Pina_26meses(SC),0.026,0.35
Pina_26meses(SC),0.023,0.41
Pina_26meses(SC),0.026,0.366
Pina_26meses(SC),0.024,0.497
Pina_26meses(SC),0.031,0.426
Pina_26meses(SC),0.025,0.5
Pina_26meses(SC),0.038,0.452
Pina_26meses(SC),0.025,0.434
Pina_26meses(SC),0.025,0.448
Pina_26meses(SC),0.021,0.429
Pina_26meses(SC),0.018,0.354
Pina_26meses(SC),0.022,0.466
Pina_26meses(SC),0.023,0.381
Pina_26meses(SC),0.024,0.37
Pina_26meses(SC),0.023,0.448
Pina_26meses(SC),0.021,0.427
Pina_26meses(SC),0.019,0.386
Pina_26meses(SC),0.024,0.477
Pina_26meses(SC),0.035,0.429
Pina_26meses(SC),0.026,0.374
Pina_26meses(SC),0.026,0.351
Pina_26meses(SC),0.024,0.413
Pina_26meses(SC),0.026,0.368
Pina_26meses(SC),0.025,0.499
Pina_26meses(SC),0.032,0.426
Pina_26meses(SC),0.026,0.5
Pina_26meses(SC),0.039,0.453
Pina_26meses(SC),0.026,0.436
Pina_26meses(SC),0.025,0.45
Pina_26meses(SC),0.021,0.43
Pina_26meses(SC),0.019,0.356
Pina_26meses(SC),0.023,0.469
Pina_26meses(SC),0.024,0.382
Pina_26meses(SC),0.024,0.37
Pina_26meses(SC),0.024,0.449
Pina_26meses(SC),0.022,0.429
Pina_26meses(SC),0.02,0.388
Pina_26meses(SC),0.025,0.479
Pina_26meses(SC),0.036,0.431
Pina_26meses(SC),0.027,0.375
Pina_26meses(SC),0.027,0.353
Pina_26meses(SC),0.024,0.415
Pina_26meses(SC),0.027,0.37
Pina_26meses(SC),0.026,0.502
Pina_26meses(SC),0.033,0.426
Pina_26meses(SC),0.027,0.501
Pina_26meses(SC),0.04,0.453
Pina_26meses(SC),0.027,0.437
Pina_26meses(SC),0.026,0.451
Pina_26meses(SC),0.022,0.432
Pina_26meses(SC),0.019,0.358
Pina_26meses(SC),0.024,0.471
Pina_26meses(SC),0.025,0.384
Pina_26meses(SC),0.025,0.371
Pina_26meses(SC),0.024,0.45
Pina_26meses(SC),0.022,0.43
Pina_26meses(SC),0.02,0.39
Pina_26meses(SC),0.026,0.48
Pina_26meses(SC),0.037,0.432
Pina_26meses(SC),0.028,0.376
Pina_26meses(SC),0.028,0.355
Pina_26meses(SC),0.025,0.417
Pina_26meses(SC),0.028,0.372
Pina_26meses(SC),0.027,0.503
Pina_26meses(SC),0.034,0.427
Pina_26meses(SC),0.028,0.502
Pina_26meses(SC),0.042,0.453
Pina_26meses(SC),0.028,0.438
Pina_26meses(SC),0.027,0.452
Pina_26meses(SC),0.023,0.433
Pina_26meses(SC),0.02,0.359
Pina_26meses(SC),0.024,0.472
Pina_26meses(SC),0.026,0.385
Pina_26meses(SC),0.026,0.372
Pina_26meses(SC),0.025,0.451
Pina_26meses(SC),0.023,0.431
Pina_26meses(SC),0.021,0.392
Pina_26meses(SC),0.027,0.482
Pina_26meses(SC),0.038,0.434
Pina_26meses(SC),0.029,0.376
Pina_26meses(SC),0.028,0.356
Pina_26meses(SC),0.026,0.419
Pina_26meses(SC),0.029,0.373
Pina_26meses(SC),0.028,0.505
Pina_26meses(SC),0.035,0.428
Pina_26meses(SC),0.029,0.503
Pina_26meses(SC),0.043,0.454
Pina_26meses(SC),0.029,0.439
Pina_26meses(SC),0.028,0.454
Pina_26meses(SC),0.024,0.434
Pina_26meses(SC),0.021,0.36
Pina_26meses(SC),0.025,0.474
Pina_26meses(SC),0.027,0.386
Pina_26meses(SC),0.027,0.373
Pina_26meses(SC),0.026,0.452
Pina_26meses(SC),0.024,0.432
Pina_26meses(SC),0.022,0.393
Pina_26meses(SC),0.028,0.483
Pina_26meses(SC),0.039,0.435
Pina_26meses(SC),0.03,0.377
Pina_26meses(SC),0.029,0.358
Pina_26meses(SC),0.027,0.42
Pina_26meses(SC),0.03,0.374
Pina_26meses(SC),0.029,0.507
Pina_26meses(SC),0.036,0.428
Pina_26meses(SC),0.03,0.504
Pina_26meses(SC),0.045,0.455
Pina_26meses(SC),0.029,0.44
Pina_26meses(SC),0.029,0.455
Pina_26meses(SC),0.025,0.435
Pina_26meses(SC),0.022,0.361
Pina_26meses(SC),0.026,0.475
Pina_26meses(SC),0.028,0.387
Pina_26meses(SC),0.027,0.374
Pina_26meses(SC),0.027,0.454
Pina_26meses(SC),0.025,0.433
Pina_26meses(SC),0.023,0.394
Pina_26meses(SC),0.029,0.484
Pina_26meses(SC),0.04,0.436
Pina_26meses(SC),0.031,0.378
Pina_26meses(SC),0.03,0.359
Pina_26meses(SC),0.027,0.421
Pina_26meses(SC),0.031,0.375
Pina_26meses(SC),0.03,0.508
Pina_26meses(SC),0.037,0.429
Pina_26meses(SC),0.032,0.505
Pina_26meses(SC),0.047,0.455
Pina_26meses(SC),0.03,0.442
Pina_26meses(SC),0.03,0.456
Pina_26meses(SC),0.026,0.436
Pina_26meses(SC),0.023,0.362
Pina_26meses(SC),0.027,0.476
Pina_26meses(SC),0.029,0.388
Pina_26meses(SC),0.028,0.375
Pina_26meses(SC),0.028,0.455
Pina_26meses(SC),0.026,0.434
Pina_26meses(SC),0.023,0.395
Pina_26meses(SC),0.031,0.485
Pina_26meses(SC),0.041,0.437
Pina_26meses(SC),0.032,0.379
Pina_26meses(SC),0.03,0.359
Pina_26meses(SC),0.028,0.422
Pina_26meses(SC),0.032,0.376
Pina_26meses(SC),0.031,0.509
Pina_26meses(SC),0.038,0.43
Pina_26meses(SC),0.033,0.506
Pina_26meses(SC),0.048,0.456
Pina_26meses(SC),0.032,0.443
Pina_26meses(SC),0.031,0.457
Pina_26meses(SC),0.027,0.438
Pina_26meses(SC),0.023,0.363
Pina_26meses(SC),0.028,0.477
Pina_26meses(SC),0.03,0.389
Pina_26meses(SC),0.029,0.376
Pina_26meses(SC),0.029,0.456
Pina_26meses(SC),0.027,0.435
Pina_26meses(SC),0.024,0.397
Pina_26meses(SC),0.032,0.486
Pina_26meses(SC),0.042,0.438
Pina_26meses(SC),0.034,0.379
Pina_26meses(SC),0.031,0.36
Pina_26meses(SC),0.029,0.423
Pina_26meses(SC),0.033,0.377
Pina_26meses(SC),0.032,0.511
Pina_26meses(SC),0.039,0.431
Pina_26meses(SC),0.035,0.507
Pina_26meses(SC),0.05,0.457
Pina_26meses(SC),0.033,0.444
Pina_26meses(SC),0.031,0.458
Pina_26meses(SC),0.028,0.439
Pina_26meses(SC),0.024,0.364
Pina_26meses(SC),0.029,0.479
Pina_26meses(SC),0.031,0.39
Pina_26meses(SC),0.03,0.377
Pina_26meses(SC),0.03,0.457
Pina_26meses(SC),0.028,0.436
Pina_26meses(SC),0.025,0.397
Pina_26meses(SC),0.033,0.487
Pina_26meses(SC),0.044,0.439
Pina_26meses(SC),0.035,0.38
Pina_26meses(SC),0.032,0.361
Pina_26meses(SC),0.03,0.424
Pina_26meses(SC),0.035,0.378
Pina_26meses(SC),0.033,0.512
Pina_26meses(SC),0.04,0.432
Pina_26meses(SC),0.036,0.508
Pina_26meses(SC),0.052,0.458
Pina_26meses(SC),0.033,0.445
Pina_26meses(SC),0.032,0.459
Pina_26meses(SC),0.029,0.439
Pina_26meses(SC),0.025,0.365
Pina_26meses(SC),0.03,0.479
Pina_26meses(SC),0.032,0.39
Pina_26meses(SC),0.031,0.377
Pina_26meses(SC),0.031,0.458
Pina_26meses(SC),0.029,0.437
Pina_26meses(SC),0.026,0.398
Pina_26meses(SC),0.034,0.488
Pina_26meses(SC),0.045,0.44
Pina_26meses(SC),0.036,0.381
Pina_26meses(SC),0.033,0.362
Pina_26meses(SC),0.031,0.425
Pina_26meses(SC),0.036,0.378
Pina_26meses(SC),0.034,0.513
Pina_26meses(SC),0.042,0.432
Pina_26meses(SC),0.037,0.509
Pina_26meses(SC),0.053,0.458
Pina_26meses(SC),0.034,0.445
Pina_26meses(SC),0.033,0.46
Pina_26meses(SC),0.03,0.44
Pina_26meses(SC),0.026,0.366
Pina_26meses(SC),0.032,0.48
Pina_26meses(SC),0.033,0.391
Pina_26meses(SC),0.032,0.378
Pina_26meses(SC),0.032,0.458
Pina_26meses(SC),0.03,0.438
Pina_26meses(SC),0.027,0.399
Pina_26meses(SC),0.036,0.489
Pina_26meses(SC),0.046,0.44
Pina_26meses(SC),0.037,0.381
Pina_26meses(SC),0.034,0.363
Pina_26meses(SC),0.032,0.426
Pina_26meses(SC),0.037,0.379
Pina_26meses(SC),0.035,0.514
Pina_26meses(SC),0.043,0.433
Pina_26meses(SC),0.039,0.51
Pina_26meses(SC),0.055,0.459
Pina_26meses(SC),0.035,0.446
Pina_26meses(SC),0.034,0.461
Pina_26meses(SC),0.031,0.441
Pina_26meses(SC),0.027,0.367
Pina_26meses(SC),0.033,0.481
Pina_26meses(SC),0.034,0.392
Pina_26meses(SC),0.033,0.379
Pina_26meses(SC),0.033,0.459
Pina_26meses(SC),0.031,0.439
Pina_26meses(SC),0.028,0.4
Pina_26meses(SC),0.037,0.49
Pina_26meses(SC),0.047,0.441
Pina_26meses(SC),0.039,0.382
Pina_26meses(SC),0.034,0.363
Pina_26meses(SC),0.033,0.427
Pina_26meses(SC),0.038,0.38
Pina_26meses(SC),0.037,0.515
Pina_26meses(SC),0.044,0.434
Pina_26meses(SC),0.04,0.511
Pina_26meses(SC),0.056,0.459
Pina_26meses(SC),0.037,0.447
Pina_26meses(SC),0.035,0.462
Pina_26meses(SC),0.032,0.442
Pina_26meses(SC),0.027,0.368
Pina_26meses(SC),0.034,0.482
Pina_26meses(SC),0.035,0.392
Pina_26meses(SC),0.034,0.38
Pina_26meses(SC),0.034,0.46
Pina_26meses(SC),0.032,0.44
Pina_26meses(SC),0.028,0.401
Pina_26meses(SC),0.038,0.491
Pina_26meses(SC),0.048,0.442
Pina_26meses(SC),0.04,0.383
Pina_26meses(SC),0.035,0.364
Pina_26meses(SC),0.034,0.427
Pina_26meses(SC),0.039,0.381
Pina_26meses(SC),0.038,0.516
Pina_26meses(SC),0.045,0.435
Pina_26meses(SC),0.041,0.512
Pina_26meses(SC),0.058,0.46
Pina_26meses(SC),0.038,0.448
Pina_26meses(SC),0.036,0.463
Pina_26meses(SC),0.033,0.443
Pina_26meses(SC),0.028,0.368
Pina_26meses(SC),0.035,0.483
Pina_26meses(SC),0.036,0.393
Pina_26meses(SC),0.034,0.38
Pina_26meses(SC),0.035,0.461
Pina_26meses(SC),0.033,0.441
Pina_26meses(SC),0.029,0.402
Pina_26meses(SC),0.039,0.491
Pina_26meses(SC),0.049,0.443
Pina_26meses(SC),0.041,0.383
Pina_26meses(SC),0.036,0.365
Pina_26meses(SC),0.035,0.428
Pina_26meses(SC),0.04,0.381
Pina_26meses(SC),0.039,0.517
Pina_26meses(SC),0.046,0.436
Pina_26meses(SC),0.043,0.513
Pina_26meses(SC),0.059,0.46
Pina_26meses(SC),0.039,0.449
Pina_26meses(SC),0.037,0.464
Pina_26meses(SC),0.034,0.444
Pina_26meses(SC),0.029,0.369
Pina_26meses(SC),0.036,0.484
Pina_26meses(SC),0.037,0.394
Pina_26meses(SC),0.035,0.381
Pina_26meses(SC),0.036,0.462
Pina_26meses(SC),0.034,0.442
Pina_26meses(SC),0.03,0.402
Pina_26meses(SC),0.041,0.492
Pina_26meses(SC),0.05,0.443
Pina_26meses(SC),0.042,0.384
Pina_26meses(SC),0.037,0.365
Pina_26meses(SC),0.036,0.429
Pina_26meses(SC),0.041,0.382
Pina_26meses(SC),0.04,0.518
Pina_26meses(SC),0.047,0.436
Pina_26meses(SC),0.044,0.514
Pina_26meses(SC),0.061,0.461
Pina_26meses(SC),0.039,0.449
Pina_26meses(SC),0.038,0.464
Pina_26meses(SC),0.035,0.445
Pina_26meses(SC),0.03,0.37
Pina_26meses(SC),0.037,0.484
Pina_26meses(SC),0.038,0.395
Pina_26meses(SC),0.036,0.382
Pina_26meses(SC),0.037,0.463
Pina_26meses(SC),0.035,0.443
Pina_26meses(SC),0.031,0.403
Pina_26meses(SC),0.042,0.493
Pina_26meses(SC),0.051,0.444
Pina_26meses(SC),0.043,0.384
Pina_26meses(SC),0.037,0.366
Pina_26meses(SC),0.037,0.429
Pina_26meses(SC),0.042,0.382
Pina_26meses(SC),0.041,0.519
Pina_26meses(SC),0.048,0.437
Pina_26meses(SC),0.045,0.515
Pina_26meses(SC),0.062,0.461
Pina_26meses(SC),0.04,0.45
Pina_26meses(SC),0.039,0.465
Pina_26meses(SC),0.036,0.445
Pina_26meses(SC),0.03,0.37
Pina_26meses(SC),0.038,0.485
Pina_26meses(SC),0.039,0.395
Pina_26meses(SC),0.037,0.383
Pina_26meses(SC),0.037,0.463
Pina_26meses(SC),0.036,0.443
Pina_26meses(SC),0.032,0.403
Pina_26meses(SC),0.043,0.493
Pina_26meses(SC),0.052,0.445
Pina_26meses(SC),0.045,0.385
Pina_26meses(SC),0.038,0.366
Pina_26meses(SC),0.038,0.43
Pina_26meses(SC),0.043,0.383
Pina_26meses(SC),0.042,0.52
Pina_26meses(SC),0.049,0.438
Pina_26meses(SC),0.046,0.516
Pina_26meses(SC),0.064,0.462
Pina_26meses(SC),0.041,0.451
Pina_26meses(SC),0.04,0.466
Pina_26meses(SC),0.036,0.446
Pina_26meses(SC),0.031,0.371
Pina_26meses(SC),0.039,0.485
Pina_26meses(SC),0.04,0.396
Pina_26meses(SC),0.038,0.384
Pina_26meses(SC),0.038,0.464
Pina_26meses(SC),0.037,0.444
Pina_26meses(SC),0.032,0.404
Pina_26meses(SC),0.044,0.494
Pina_26meses(SC),0.053,0.445
Pina_26meses(SC),0.046,0.385
Pina_26meses(SC),0.039,0.367
Pina_26meses(SC),0.038,0.43
Pina_26meses(SC),0.044,0.383
Pina_26meses(SC),0.043,0.52
Pina_26meses(SC),0.05,0.439
Pina_26meses(SC),0.047,0.517
Pina_26meses(SC),0.065,0.462
Pina_26meses(SC),0.042,0.452
Pina_26meses(SC),0.04,0.466
Pina_26meses(SC),0.037,0.446
Pina_26meses(SC),0.032,0.371
Pina_26meses(SC),0.039,0.486
Pina_26meses(SC),0.041,0.396
Pina_26meses(SC),0.038,0.384
Pina_26meses(SC),0.039,0.465
Pina_26meses(SC),0.038,0.444
Pina_26meses(SC),0.033,0.404
Pina_26meses(SC),0.045,0.494
Pina_26meses(SC),0.054,0.445
Pina_26meses(SC),0.047,0.386
Pina_26meses(SC),0.039,0.367
Pina_26meses(SC),0.039,0.43
Pina_26meses(SC),0.045,0.383
Pina_26meses(SC),0.044,0.521
Pina_26meses(SC),0.051,0.44
Pina_26meses(SC),0.048,0.518
Pina_26meses(SC),0.066,0.463
Pina_26meses(SC),0.043,0.452
Pina_26meses(SC),0.041,0.467
Pina_26meses(SC),0.038,0.447
Pina_26meses(SC),0.032,0.371
Pina_26meses(SC),0.04,0.486
Pina_26meses(SC),0.042,0.396
Pina_26meses(SC),0.039,0.385
Pina_26meses(SC),0.04,0.465
Pina_26meses(SC),0.039,0.445
Pina_26meses(SC),0.034,0.404
Pina_26meses(SC),0.046,0.494
Pina_26meses(SC),0.055,0.445
Pina_26meses(SC),0.047,0.386
Pina_26meses(SC),0.04,0.367
Pina_26meses(SC),0.04,0.431
Pina_26meses(SC),0.046,0.383
Pina_26meses(SC),0.045,0.521
Pina_26meses(SC),0.052,0.44
Pina_26meses(SC),0.049,0.519
Pina_26meses(SC),0.067,0.463
Pina_26meses(SC),0.044,0.453
Pina_26meses(SC),0.042,0.468
Pina_26meses(SC),0.039,0.447
Pina_26meses(SC),0.033,0.372
Pina_26meses(SC),0.041,0.486
Pina_26meses(SC),0.043,0.396
Pina_26meses(SC),0.039,0.386
Pina_26meses(SC),0.04,0.466
Pina_26meses(SC),0.039,0.445
Pina_26meses(SC),0.034,0.405
Pina_26meses(SC),0.047,0.494
Pina_26meses(SC),0.056,0.445
Pina_26meses(SC),0.048,0.386
Pina_26meses(SC),0.041,0.368
Pina_26meses(SC),0.041,0.431
Pina_26meses(SC),0.046,0.384
Pina_26meses(SC),0.046,0.521
Pina_26meses(SC),0.053,0.441
Pina_26meses(SC),0.05,0.52
Pina_26meses(SC),0.068,0.463
Pina_26meses(SC),0.044,0.453
Pina_26meses(SC),0.042,0.468
Pina_26meses(SC),0.039,0.448
Pina_26meses(SC),0.033,0.372
Pina_26meses(SC),0.041,0.486
Pina_26meses(SC),0.043,0.397
Pina_26meses(SC),0.04,0.387
Pina_26meses(SC),0.041,0.467
Pina_26meses(SC),0.04,0.446
Pina_26meses(SC),0.035,0.405
Pina_26meses(SC),0.048,0.494
Pina_26meses(SC),0.056,0.446
Pina_26meses(SC),0.049,0.387
Pina_26meses(SC),0.041,0.368
Pina_26meses(SC),0.041,0.431
Pina_26meses(SC),0.047,0.384
Pina_26meses(SC),0.046,0.521
Pina_26meses(SC),0.053,0.442
Pina_26meses(SC),0.05,0.522
Pina_26meses(SC),0.069,0.463
Pina_26meses(SC),0.045,0.454
Pina_26meses(SC),0.043,0.469
Pina_26meses(SC),0.04,0.448
Pina_26meses(SC),0.034,0.372
Pina_26meses(SC),0.042,0.486
Pina_26meses(SC),0.044,0.397
Pina_26meses(SC),0.04,0.388
Pina_26meses(SC),0.042,0.467
Pina_26meses(SC),0.041,0.447
Pina_26meses(SC),0.035,0.406
Pina_26meses(SC),0.048,0.495
Pina_26meses(SC),0.057,0.446
Pina_26meses(SC),0.05,0.387
Pina_26meses(SC),0.042,0.369
Pina_26meses(SC),0.042,0.431
Pina_26meses(SC),0.048,0.384
Pina_26meses(SC),0.047,0.522
Pina_26meses(SC),0.054,0.443
Pina_26meses(SC),0.051,0.522
Pina_26meses(SC),0.07,0.464
Pina_26meses(SC),0.045,0.455
Pina_26meses(SC),0.043,0.47
Pina_26meses(SC),0.04,0.449
Pina_26meses(SC),0.034,0.373
Pina_26meses(SC),0.043,0.487
Pina_26meses(SC),0.044,0.398
Pina_26meses(SC),0.041,0.388
Pina_26meses(SC),0.042,0.468
Pina_26meses(SC),0.041,0.447
Pina_26meses(SC),0.036,0.406
Pina_26meses(SC),0.049,0.495
Pina_26meses(SC),0.058,0.446
Pina_26meses(SC),0.051,0.388
Pina_26meses(SC),0.042,0.369
Pina_26meses(SC),0.042,0.432
Pina_26meses(SC),0.048,0.384
Pina_26meses(SC),0.048,0.523
Pina_26meses(SC),0.054,0.443
Pina_26meses(SC),0.052,0.523
Pina_26meses(SC),0.07,0.464
Pina_26meses(SC),0.046,0.455
Pina_26meses(SC),0.044,0.47
Pina_26meses(SC),0.041,0.45
Pina_26meses(SC),0.034,0.374
Pina_26meses(SC),0.043,0.488
Pina_26meses(SC),0.045,0.398
Pina_26meses(SC),0.041,0.389
Pina_26meses(SC),0.043,0.469
Pina_26meses(SC),0.042,0.448
Pina_26meses(SC),0.036,0.407
Pina_26meses(SC),0.05,0.496
Pina_26meses(SC),0.058,0.447
Pina_26meses(SC),0.051,0.388
Pina_26meses(SC),0.042,0.37
Pina_26meses(SC),0.043,0.432
Pina_26meses(SC),0.049,0.385
Pina_26meses(SC),0.048,0.524
Pina_26meses(SC),0.055,0.444
Pina_26meses(SC),0.052,0.524
Pina_26meses(SC),0.071,0.465
Pina_26meses(SC),0.046,0.456
Pina_26meses(SC),0.044,0.471
Pina_26meses(SC),0.041,0.451
Pina_26meses(SC),0.035,0.374
Pina_26meses(SC),0.043,0.489
Pina_26meses(SC),0.045,0.399
Pina_26meses(SC),0.042,0.389
Pina_26meses(SC),0.043,0.469
Pina_26meses(SC),0.042,0.449
Pina_26meses(SC),0.037,0.407
Pina_26meses(SC),0.05,0.497
Pina_26meses(SC),0.059,0.448
Pina_26meses(SC),0.052,0.389
Pina_26meses(SC),0.043,0.37
Pina_26meses(SC),0.043,0.433
Pina_26meses(SC),0.049,0.386
Pina_26meses(SC),0.049,0.525
Pina_26meses(SC),0.055,0.445
Pina_26meses(SC),0.053,0.524
Pina_26meses(SC),0.072,0.466
Pina_26meses(SC),0.047,0.457
Pina_26meses(SC),0.045,0.472
Pina_26meses(SC),0.042,0.451
Pina_26meses(SC),0.035,0.375
Pina_26meses(SC),0.044,0.49
Pina_26meses(SC),0.046,0.4
Pina_26meses(SC),0.042,0.39
Pina_26meses(SC),0.044,0.47
Pina_26meses(SC),0.042,0.45
Pina_26meses(SC),0.037,0.408
Pina_26meses(SC),0.05,0.498
Pina_26meses(SC),0.059,0.449
Pina_26meses(SC),0.052,0.389
Pina_26meses(SC),0.043,0.371
Pina_26meses(SC),0.044,0.434
Pina_26meses(SC),0.05,0.387
Pina_26meses(SC),0.049,0.526
Pina_26meses(SC),0.056,0.445
Pina_26meses(SC),0.053,0.525
Pina_26meses(SC),0.072,0.466
Pina_26meses(SC),0.047,0.457
Pina_26meses(SC),0.045,0.472
Pina_26meses(SC),0.042,0.452
Pina_26meses(SC),0.035,0.376
Pina_26meses(SC),0.044,0.49
Pina_26meses(SC),0.046,0.401
Pina_26meses(SC),0.042,0.391
Pina_26meses(SC),0.044,0.471
Pina_26meses(SC),0.043,0.45
Pina_26meses(SC),0.037,0.409
Pina_26meses(SC),0.051,0.498
Pina_26meses(SC),0.06,0.45
Pina_26meses(SC),0.053,0.39
Pina_26meses(SC),0.044,0.371
Pina_26meses(SC),0.044,0.435
Pina_26meses(SC),0.05,0.387
Pina_26meses(SC),0.049,0.527
Pina_26meses(SC),0.056,0.446
Pina_26meses(SC),0.054,0.526
Pina_26meses(SC),0.073,0.466
Pina_26meses(SC),0.047,0.458
Pina_26meses(SC),0.045,0.473
Pina_26meses(SC),0.042,0.453
Pina_26meses(SC),0.036,0.376
Pina_26meses(SC),0.045,0.491
Pina_26meses(SC),0.046,0.401
Pina_26meses(SC),0.042,0.391
Pina_26meses(SC),0.044,0.471
Pina_26meses(SC),0.043,0.451
Pina_26meses(SC),0.037,0.409
Pina_26meses(SC),0.051,0.499
Pina_26meses(SC),0.06,0.45
Pina_26meses(SC),0.053,0.39
Pina_26meses(SC),0.044,0.372
Pina_26meses(SC),0.044,0.435
Pina_26meses(SC),0.05,0.387
Pina_26meses(SC),0.05,0.527
Pina_26meses(SC),0.057,0.446
Pina_26meses(SC),0.054,0.527
Pina_26meses(SC),0.073,0.466
Pina_26meses(SC),0.048,0.459
Pina_26meses(SC),0.045,0.474
Pina_26meses(SC),0.043,0.453
Pina_26meses(SC),0.036,0.377
Pina_26meses(SC),0.045,0.491
Pina_26meses(SC),0.047,0.401
Pina_26meses(SC),0.043,0.392
Pina_26meses(SC),0.045,0.472
Pina_26meses(SC),0.043,0.452
Pina_26meses(SC),0.038,0.41
Pina_26meses(SC),0.052,0.499
Pina_26meses(SC),0.06,0.45
Pina_26meses(SC),0.053,0.391
Pina_26meses(SC),0.044,0.373
Pina_26meses(SC),0.045,0.435
Pina_26meses(SC),0.051,0.388
Pina_26meses(SC),0.05,0.527
Pina_26meses(SC),0.057,0.447
Pina_26meses(SC),0.054,0.528
Pina_26meses(SC),0.074,0.467
Pina_26meses(SC),0.048,0.459
Pina_26meses(SC),0.046,0.474
Pina_26meses(SC),0.043,0.454
Pina_26meses(SC),0.036,0.377
Pina_26meses(SC),0.045,0.491
Pina_26meses(SC),0.047,0.402
Pina_26meses(SC),0.043,0.393
Pina_26meses(SC),0.045,0.472
Pina_26meses(SC),0.043,0.452
Pina_26meses(SC),0.038,0.41
Pina_26meses(SC),0.052,0.499
Pina_26meses(SC),0.061,0.45
Pina_26meses(SC),0.054,0.391
Pina_26meses(SC),0.044,0.373
Pina_26meses(SC),0.045,0.435
Pina_26meses(SC),0.051,0.388
Pina_26meses(SC),0.05,0.528
Pina_26meses(SC),0.057,0.448
Pina_26meses(SC),0.054,0.529
Pina_26meses(SC),0.074,0.468
Pina_26meses(SC),0.048,0.46
Pina_26meses(SC),0.046,0.475
Pina_26meses(SC),0.043,0.454
Pina_26meses(SC),0.036,0.377
Pina_26meses(SC),0.045,0.492
Pina_26meses(SC),0.047,0.402
Pina_26meses(SC),0.043,0.393
Pina_26meses(SC),0.045,0.473
Pina_26meses(SC),0.044,0.452
Pina_26meses(SC),0.038,0.41
Pina_26meses(SC),0.052,0.5
Pina_26meses(SC),0.061,0.451
Pina_26meses(SC),0.054,0.391
Pina_26meses(SC),0.045,0.373
Pina_26meses(SC),0.045,0.435
Pina_26meses(SC),0.051,0.388
Pina_26meses(SC),0.051,0.529
Pina_26meses(SC),0.058,0.449
Pina_26meses(SC),0.055,0.529
Pina_26meses(SC),0.074,0.468
Pina_26meses(SC),0.048,0.46
Pina_26meses(SC),0.046,0.475
Pina_26meses(SC),0.043,0.455
Pina_26meses(SC),0.036,0.378
Pina_26meses(SC),0.045,0.492
Pina_26meses(SC),0.048,0.402
Pina_26meses(SC),0.043,0.394
Pina_26meses(SC),0.045,0.473
Pina_26meses(SC),0.044,0.453
Pina_26meses(SC),0.038,0.41
Pina_26meses(SC),0.052,0.5
Pina_26meses(SC),0.061,0.451
Pina_26meses(SC),0.054,0.392
Pina_26meses(SC),0.045,0.373
Pina_26meses(SC),0.045,0.436
Pina_26meses(SC),0.051,0.388
Pina_26meses(SC),0.051,0.529
Pina_26meses(SC),0.058,0.449
Pina_26meses(SC),0.055,0.53
Pina_26meses(SC),0.075,0.468
Pina_26meses(SC),0.049,0.461
Pina_26meses(SC),0.046,0.476
Pina_26meses(SC),0.044,0.455
Pina_26meses(SC),0.036,0.378
Pina_26meses(SC),0.046,0.492
Pina_26meses(SC),0.048,0.403
Pina_26meses(SC),0.044,0.394
Pina_26meses(SC),0.046,0.474
Pina_26meses(SC),0.044,0.454
Pina_26meses(SC),0.038,0.411
Pina_26meses(SC),0.053,0.5
Pina_26meses(SC),0.061,0.452
Pina_26meses(SC),0.055,0.392
Pina_26meses(SC),0.045,0.374
Pina_26meses(SC),0.045,0.436
Pina_26meses(SC),0.052,0.389
Pina_26meses(SC),0.051,0.529
Pina_26meses(SC),0.058,0.45
Pina_26meses(SC),0.055,0.531
Pina_26meses(SC),0.075,0.468
Pina_26meses(SC),0.049,0.461
Pina_26meses(SC),0.047,0.476
Pina_26meses(SC),0.044,0.455
Pina_26meses(SC),0.037,0.378
Pina_26meses(SC),0.046,0.493
Pina_26meses(SC),0.048,0.403
Pina_26meses(SC),0.044,0.395
Pina_26meses(SC),0.046,0.474
Pina_26meses(SC),0.044,0.454
Pina_26meses(SC),0.039,0.412
Pina_26meses(SC),0.053,0.501
Pina_26meses(SC),0.062,0.452
Pina_26meses(SC),0.055,0.393
Pina_26meses(SC),0.045,0.374
Pina_26meses(SC),0.046,0.436
Pina_26meses(SC),0.052,0.389
Pina_26meses(SC),0.051,0.53
Pina_26meses(SC),0.059,0.45
Pina_26meses(SC),0.056,0.532
Pina_26meses(SC),0.075,0.469
Pina_26meses(SC),0.049,0.462
Pina_26meses(SC),0.047,0.477
Pina_26meses(SC),0.044,0.456
Pina_26meses(SC),0.037,0.379
Pina_26meses(SC),0.046,0.493
Pina_26meses(SC),0.048,0.404
Pina_26meses(SC),0.044,0.395
Pina_26meses(SC),0.046,0.475
Pina_26meses(SC),0.045,0.455
Pina_26meses(SC),0.039,0.412
Pina_26meses(SC),0.053,0.501
Pina_26meses(SC),0.062,0.452
Pina_26meses(SC),0.055,0.393
Pina_26meses(SC),0.046,0.375
Pina_26meses(SC),0.046,0.437
Pina_26meses(SC),0.052,0.389
Pina_26meses(SC),0.052,0.53
Pina_26meses(SC),0.059,0.451
Pina_26meses(SC),0.056,0.532
Pina_26meses(SC),0.076,0.469
Pina_26meses(SC),0.049,0.462
Pina_26meses(SC),0.047,0.477
Pina_26meses(SC),0.044,0.457
Pina_26meses(SC),0.037,0.379
Pina_26meses(SC),0.046,0.494
Pina_26meses(SC),0.048,0.404
Pina_26meses(SC),0.044,0.396
Pina_26meses(SC),0.046,0.475
Pina_26meses(SC),0.045,0.455
Pina_26meses(SC),0.039,0.412
Pina_26meses(SC),0.053,0.502
Pina_26meses(SC),0.062,0.453
Pina_26meses(SC),0.056,0.393
Pina_26meses(SC),0.046,0.375
Pina_26meses(SC),0.046,0.437
Pina_26meses(SC),0.052,0.39
Pina_26meses(SC),0.052,0.531
Pina_26meses(SC),0.059,0.451
Pina_26meses(SC),0.056,0.532
Pina_26meses(SC),0.076,0.47
Pina_26meses(SC),0.05,0.462
Pina_26meses(SC),0.047,0.478
Pina_26meses(SC),0.044,0.457
Pina_26meses(SC),0.037,0.38
Pina_26meses(SC),0.046,0.495
Pina_26meses(SC),0.049,0.405
Pina_26meses(SC),0.044,0.396
Pina_26meses(SC),0.046,0.476
Pina_26meses(SC),0.045,0.456
Pina_26meses(SC),0.039,0.412
Pina_26meses(SC),0.054,0.502
Pina_26meses(SC),0.062,0.454
Pina_26meses(SC),0.056,0.394
Pina_26meses(SC),0.046,0.375
Pina_26meses(SC),0.046,0.438
Pina_26meses(SC),0.053,0.391
Pina_26meses(SC),0.052,0.532
Pina_26meses(SC),0.059,0.452
Pina_26meses(SC),0.056,0.532
Pina_26meses(SC),0.077,0.471
Pina_26meses(SC),0.05,0.463
Pina_26meses(SC),0.047,0.478
Pina_26meses(SC),0.045,0.458
Pina_26meses(SC),0.037,0.38
Pina_26meses(SC),0.047,0.495
Pina_26meses(SC),0.049,0.406
Pina_26meses(SC),0.044,0.396
Pina_26meses(SC),0.047,0.477
Pina_26meses(SC),0.045,0.456
Pina_26meses(SC),0.039,0.413
Pina_26meses(SC),0.054,0.503
Pina_26meses(SC),0.062,0.455
Pina_26meses(SC),0.056,0.394
Pina_26meses(SC),0.046,0.375
Pina_26meses(SC),0.046,0.439
Pina_26meses(SC),0.053,0.391
Pina_26meses(SC),0.052,0.533
Pina_26meses(SC),0.06,0.453
Pina_26meses(SC),0.056,0.533
Pina_26meses(SC),0.077,0.472
Pina_26meses(SC),0.05,0.463
Pina_26meses(SC),0.048,0.479
Pina_26meses(SC),0.045,0.458
Pina_26meses(SC),0.037,0.381
Pina_26meses(SC),0.047,0.496
Pina_26meses(SC),0.049,0.406
Pina_26meses(SC),0.045,0.397
Pina_26meses(SC),0.047,0.477
Pina_26meses(SC),0.045,0.457
Pina_26meses(SC),0.039,0.413
Pina_26meses(SC),0.054,0.504
Pina_26meses(SC),0.063,0.456
Pina_26meses(SC),0.056,0.395
Pina_26meses(SC),0.046,0.375
Pina_26meses(SC),0.047,0.439
Pina_26meses(SC),0.053,0.392
Pina_26meses(SC),0.052,0.534
Pina_26meses(SC),0.06,0.453
Pina_26meses(SC),0.056,0.533
Pina_26meses(SC),0.077,0.472
Pina_26meses(SC),0.05,0.464
Pina_26meses(SC),0.048,0.479
Pina_26meses(SC),0.045,0.459
Pina_26meses(SC),0.037,0.381
Pina_26meses(SC),0.047,0.496
Pina_26meses(SC),0.049,0.406
Pina_26meses(SC),0.045,0.397
Pina_26meses(SC),0.047,0.477
Pina_26meses(SC),0.045,0.457
Pina_26meses(SC),0.039,0.413
Pina_26meses(SC),0.054,0.504
Pina_26meses(SC),0.063,0.456
Pina_26meses(SC),0.056,0.395
Pina_26meses(SC),0.046,0.376
Pina_26meses(SC),0.047,0.439
Pina_26meses(SC),0.053,0.392
Pina_26meses(SC),0.052,0.534
Pina_26meses(SC),0.06,0.453
Pina_26meses(SC),0.056,0.534
Pina_26meses(SC),0.077,0.472
Pina_26meses(SC),0.05,0.464
Pina_26meses(SC),0.048,0.479
Pina_26meses(SC),0.045,0.459
Pina_26meses(SC),0.037,0.381
Pina_26meses(SC),0.047,0.496
Pina_26meses(SC),0.049,0.406
Pina_26meses(SC),0.045,0.397
Pina_26meses(SC),0.047,0.477
Pina_26meses(SC),0.045,0.457
Pina_26meses(SC),0.039,0.414
Pina_26meses(SC),0.054,0.504
Pina_26meses(SC),0.063,0.456
Pina_26meses(SC),0.056,0.395
Pina_26meses(SC),0.046,0.376
Pina_26meses(SC),0.047,0.439
Pina_26meses(SC),0.053,0.392
Pina_26meses(SC),0.053,0.534
Pina_26meses(SC),0.06,0.454
Pina_26meses(SC),0.056,0.534
Pina_26meses(SC),0.077,0.471
Pina_26meses(SC),0.05,0.464
Pina_26meses(SC),0.048,0.479
Pina_26meses(SC),0.045,0.458
Pina_26meses(SC),0.037,0.381
Pina_26meses(SC),0.047,0.495
Pina_26meses(SC),0.049,0.406
Pina_26meses(SC),0.045,0.398
Pina_26meses(SC),0.047,0.478
Pina_26meses(SC),0.045,0.457
Pina_26meses(SC),0.039,0.413
Pina_26meses(SC),0.054,0.503
Pina_26meses(SC),0.063,0.455
Pina_26meses(SC),0.056,0.395
Pina_26meses(SC),0.046,0.376
Pina_26meses(SC),0.047,0.439
Pina_26meses(SC),0.053,0.391
Pina_26meses(SC),0.052,0.533
Pina_26meses(SC),0.06,0.454
Pina_26meses(SC),0.056,0.535
Pina_26meses(SC),0.077,0.471
Pina_26meses(SC),0.05,0.464
Pina_26meses(SC),0.048,0.479
Pina_26meses(SC),0.045,0.458
Pina_26meses(SC),0.037,0.38
Pina_26meses(SC),0.046,0.494
Pina_26meses(SC),0.049,0.406
Pina_26meses(SC),0.045,0.398
Pina_26meses(SC),0.047,0.478
Pina_26meses(SC),0.045,0.457
Pina_26meses(SC),0.039,0.413
Pina_26meses(SC),0.054,0.502
Pina_26meses(SC),0.063,0.454
Pina_26meses(SC),0.056,0.395
Pina_26meses(SC),0.046,0.376
Pina_26meses(SC),0.047,0.438
Pina_26meses(SC),0.053,0.391
Pina_26meses(SC),0.052,0.532
Pina_26meses(SC),0.06,0.455
Pina_26meses(SC),0.056,0.536
Pina_26meses(SC),0.077,0.471
Pina_26meses(SC),0.05,0.464
Pina_26meses(SC),0.048,0.48
Pina_26meses(SC),0.045,0.458
Pina_26meses(SC),0.037,0.38
Pina_26meses(SC),0.046,0.493
Pina_26meses(SC),0.049,0.405
Pina_26meses(SC),0.045,0.399
Pina_26meses(SC),0.047,0.478
Pina_26meses(SC),0.045,0.456
Pina_26meses(SC),0.039,0.412
Pina_26meses(SC),0.054,0.501
Pina_26meses(SC),0.063,0.453
Pina_26meses(SC),0.056,0.395
Pina_26meses(SC),0.046,0.375
Pina_26meses(SC),0.046,0.437
Pina_26meses(SC),0.053,0.39
Pina_26meses(SC),0.052,0.531
Pina_26meses(SC),0.06,0.456
Pina_26meses(SC),0.056,0.537
Pina_26meses(SC),0.077,0.47
Pina_26meses(SC),0.05,0.465
Pina_26meses(SC),0.047,0.48
Pina_26meses(SC),0.044,0.457
Pina_26meses(SC),0.037,0.379
Pina_26meses(SC),0.046,0.491
Pina_26meses(SC),0.049,0.404
Pina_26meses(SC),0.044,0.4
Pina_26meses(SC),0.046,0.478
Pina_26meses(SC),0.045,0.456
Pina_26meses(SC),0.039,0.412
Pina_26meses(SC),0.053,0.5
Pina_26meses(SC),0.062,0.452
Pina_26meses(SC),0.056,0.394
Pina_26meses(SC),0.046,0.375
Pina_26meses(SC),0.046,0.435
Pina_26meses(SC),0.053,0.389
Pina_26meses(SC),0.052,0.53
Pina_26meses(SC),0.059,0.456
Pina_26meses(SC),0.055,0.538
Pina_26meses(SC),0.076,0.469
Pina_26meses(SC),0.049,0.465
Pina_26meses(SC),0.047,0.48
Pina_26meses(SC),0.044,0.457
Pina_26meses(SC),0.037,0.378
Pina_26meses(SC),0.046,0.49
Pina_26meses(SC),0.048,0.403
Pina_26meses(SC),0.044,0.401
Pina_26meses(SC),0.046,0.478
Pina_26meses(SC),0.045,0.456
Pina_26meses(SC),0.039,0.411
Pina_26meses(SC),0.053,0.498
Pina_26meses(SC),0.062,0.451
Pina_26meses(SC),0.056,0.394
Pina_26meses(SC),0.046,0.375
Pina_26meses(SC),0.046,0.434
Pina_26meses(SC),0.052,0.388
Pina_26meses(SC),0.052,0.528
Pina_26meses(SC),0.059,0.456
Pina_26meses(SC),0.055,0.539
Pina_26meses(SC),0.076,0.468
Pina_26meses(SC),0.049,0.465
Pina_26meses(SC),0.047,0.48
Pina_26meses(SC),0.044,0.456
Pina_26meses(SC),0.036,0.378
Pina_26meses(SC),0.045,0.488
Pina_26meses(SC),0.048,0.402
Pina_26meses(SC),0.044,0.401
Pina_26meses(SC),0.046,0.478
Pina_26meses(SC),0.044,0.455
Pina_26meses(SC),0.038,0.411
Pina_26meses(SC),0.053,0.497
Pina_26meses(SC),0.062,0.449
Pina_26meses(SC),0.055,0.394
Pina_26meses(SC),0.046,0.376
Pina_26meses(SC),0.046,0.433
Pina_26meses(SC),0.052,0.387
Pina_26meses(SC),0.051,0.526
Pina_26meses(SC),0.059,0.456
Pina_26meses(SC),0.054,0.539
Pina_26meses(SC),0.075,0.468
Pina_26meses(SC),0.049,0.465
Pina_26meses(SC),0.046,0.479
Pina_26meses(SC),0.043,0.456
Pina_26meses(SC),0.036,0.377
Pina_26meses(SC),0.045,0.487
Pina_26meses(SC),0.048,0.402
Pina_26meses(SC),0.044,0.402
Pina_26meses(SC),0.045,0.478
Pina_26meses(SC),0.044,0.455
Pina_26meses(SC),0.038,0.41
Pina_26meses(SC),0.052,0.496
Pina_26meses(SC),0.061,0.448
Pina_26meses(SC),0.055,0.394
Pina_26meses(SC),0.046,0.375
Pina_26meses(SC),0.045,0.432
Pina_26meses(SC),0.052,0.386
Pina_26meses(SC),0.051,0.525
Pina_26meses(SC),0.058,0.457
Pina_26meses(SC),0.054,0.54
Pina_26meses(SC),0.075,0.468
Pina_26meses(SC),0.048,0.465
Pina_26meses(SC),0.046,0.479
Pina_26meses(SC),0.043,0.456
Pina_26meses(SC),0.036,0.377
Pina_26meses(SC),0.044,0.487
Pina_26meses(SC),0.047,0.402
Pina_26meses(SC),0.043,0.402
Pina_26meses(SC),0.045,0.478
Pina_26meses(SC),0.043,0.455
Pina_26meses(SC),0.038,0.41
Pina_26meses(SC),0.051,0.495
Pina_26meses(SC),0.061,0.448
Pina_26meses(SC),0.055,0.394
Pina_26meses(SC),0.045,0.375
Pina_26meses(SC),0.045,0.431
Pina_26meses(SC),0.051,0.386
Pina_26meses(SC),0.05,0.524
Pina_26meses(SC),0.058,0.458
Pina_26meses(SC),0.053,0.539
Pina_26meses(SC),0.074,0.469
Pina_26meses(SC),0.048,0.465
Pina_26meses(SC),0.046,0.479
Pina_26meses(SC),0.043,0.456
Pina_26meses(SC),0.035,0.377
Pina_26meses(SC),0.044,0.487
Pina_26meses(SC),0.047,0.402
Pina_26meses(SC),0.043,0.402
Pina_26meses(SC),0.045,0.478
Pina_26meses(SC),0.043,0.455
Pina_26meses(SC),0.037,0.409
Pina_26meses(SC),0.051,0.496
Pina_26meses(SC),0.061,0.449
Pina_26meses(SC),0.054,0.394
Pina_26meses(SC),0.045,0.374
Pina_26meses(SC),0.044,0.431
Pina_26meses(SC),0.051,0.386
Pina_26meses(SC),0.05,0.525
Pina_26meses(SC),0.057,0.459
Pina_26meses(SC),0.053,0.539
Pina_26meses(SC),0.073,0.471
Pina_26meses(SC),0.047,0.465
Pina_26meses(SC),0.045,0.479
Pina_26meses(SC),0.042,0.456
Pina_26meses(SC),0.035,0.377
Pina_26meses(SC),0.043,0.487
Pina_26meses(SC),0.046,0.403
Pina_26meses(SC),0.043,0.402
Pina_26meses(SC),0.044,0.479
Pina_26meses(SC),0.042,0.455
Pina_26meses(SC),0.037,0.408
Pina_26meses(SC),0.05,0.496
Pina_26meses(SC),0.06,0.45
Pina_26meses(SC),0.054,0.394
Pina_26meses(SC),0.045,0.373
Pina_26meses(SC),0.044,0.431
Pina_26meses(SC),0.05,0.387
Pina_26meses(SC),0.049,0.526
Pina_26meses(SC),0.057,0.46
Pina_26meses(SC),0.052,0.538
Pina_26meses(SC),0.072,0.472
Pina_26meses(SC),0.047,0.465
Pina_26meses(SC),0.045,0.48
Pina_26meses(SC),0.042,0.457
Pina_26meses(SC),0.034,0.377
Pina_26meses(SC),0.043,0.488
Pina_26meses(SC),0.046,0.404
Pina_26meses(SC),0.042,0.402
Pina_26meses(SC),0.044,0.479
Pina_26meses(SC),0.042,0.455
Pina_26meses(SC),0.036,0.408
Pina_26meses(SC),0.05,0.497
Pina_26meses(SC),0.06,0.451
Pina_26meses(SC),0.053,0.395
Pina_26meses(SC),0.044,0.372
Pina_26meses(SC),0.044,0.432
Pina_26meses(SC),0.05,0.388
Pina_26meses(SC),0.049,0.527
Pina_26meses(SC),0.056,0.46
Pina_26meses(SC),0.051,0.537
Pina_26meses(SC),0.071,0.473
Pina_26meses(SC),0.046,0.465
Pina_26meses(SC),0.044,0.48
Pina_26meses(SC),0.041,0.457
Pina_26meses(SC),0.034,0.378
Pina_26meses(SC),0.042,0.488
Pina_26meses(SC),0.045,0.405
Pina_26meses(SC),0.042,0.402
Pina_26meses(SC),0.043,0.479
Pina_26meses(SC),0.041,0.455
Pina_26meses(SC),0.036,0.408
Pina_26meses(SC),0.049,0.497
Pina_26meses(SC),0.059,0.451
Pina_26meses(SC),0.052,0.394
Pina_26meses(SC),0.044,0.372
Pina_26meses(SC),0.043,0.433
Pina_26meses(SC),0.049,0.388
Pina_26meses(SC),0.048,0.528
Pina_26meses(SC),0.055,0.458
Pina_26meses(SC),0.051,0.537
Pina_26meses(SC),0.07,0.471
Pina_26meses(SC),0.046,0.465
Pina_26meses(SC),0.043,0.479
Pina_26meses(SC),0.041,0.457
Pina_26meses(SC),0.034,0.378
Pina_26meses(SC),0.042,0.489
Pina_26meses(SC),0.045,0.404
Pina_26meses(SC),0.041,0.401
Pina_26meses(SC),0.042,0.479
Pina_26meses(SC),0.041,0.455
Pina_26meses(SC),0.035,0.409
Pina_26meses(SC),0.048,0.498
Pina_26meses(SC),0.058,0.451
Pina_26meses(SC),0.052,0.395
Pina_26meses(SC),0.044,0.374
Pina_26meses(SC),0.042,0.433
Pina_26meses(SC),0.049,0.388
Pina_26meses(SC),0.047,0.527
Pina_26meses(SC),0.055,0.456
Pina_26meses(SC),0.05,0.537
Pina_26meses(SC),0.069,0.469
Pina_26meses(SC),0.045,0.464
Pina_26meses(SC),0.043,0.479
Pina_26meses(SC),0.04,0.457
Pina_26meses(SC),0.033,0.379
Pina_26meses(SC),0.041,0.489
Pina_26meses(SC),0.044,0.403
Pina_26meses(SC),0.041,0.4
Pina_26meses(SC),0.042,0.478
Pina_26meses(SC),0.04,0.456
Pina_26meses(SC),0.035,0.41
Pina_26meses(SC),0.047,0.498
Pina_26meses(SC),0.058,0.451
Pina_26meses(SC),0.051,0.395
Pina_26meses(SC),0.043,0.376
Pina_26meses(SC),0.042,0.434
Pina_26meses(SC),0.048,0.388
Pina_26meses(SC),0.046,0.526
Pina_26meses(SC),0.054,0.455
Pina_26meses(SC),0.049,0.536
Pina_26meses(SC),0.068,0.468
Pina_26meses(SC),0.044,0.464
Pina_26meses(SC),0.042,0.478
Pina_26meses(SC),0.039,0.456
Pina_26meses(SC),0.033,0.379
Pina_26meses(SC),0.04,0.488
Pina_26meses(SC),0.043,0.403
Pina_26meses(SC),0.04,0.4
Pina_26meses(SC),0.041,0.478
Pina_26meses(SC),0.039,0.455
Pina_26meses(SC),0.034,0.41
Pina_26meses(SC),0.046,0.497
Pina_26meses(SC),0.057,0.451
Pina_26meses(SC),0.05,0.395
Pina_26meses(SC),0.043,0.376
Pina_26meses(SC),0.041,0.433
Pina_26meses(SC),0.047,0.388
Pina_26meses(SC),0.046,0.525
Pina_26meses(SC),0.053,0.457
Pina_26meses(SC),0.048,0.534
Pina_26meses(SC),0.067,0.471
Pina_26meses(SC),0.044,0.464
Pina_26meses(SC),0.041,0.478
Pina_26meses(SC),0.039,0.455
Pina_26meses(SC),0.032,0.377
Pina_26meses(SC),0.039,0.487
Pina_26meses(SC),0.043,0.404
Pina_26meses(SC),0.04,0.4
Pina_26meses(SC),0.04,0.478
Pina_26meses(SC),0.039,0.454
Pina_26meses(SC),0.034,0.408
Pina_26meses(SC),0.046,0.496
Pina_26meses(SC),0.056,0.451
Pina_26meses(SC),0.05,0.394
Pina_26meses(SC),0.042,0.373
Pina_26meses(SC),0.04,0.433
Pina_26meses(SC),0.046,0.388
Pina_26meses(SC),0.045,0.526
Pina_26meses(SC),0.053,0.457
Pina_26meses(SC),0.047,0.533
Pina_26meses(SC),0.066,0.472
Pina_26meses(SC),0.043,0.463
Pina_26meses(SC),0.041,0.477
Pina_26meses(SC),0.038,0.455
Pina_26meses(SC),0.032,0.377
Pina_26meses(SC),0.039,0.487
Pina_26meses(SC),0.042,0.404
Pina_26meses(SC),0.039,0.4
Pina_26meses(SC),0.04,0.478
Pina_26meses(SC),0.038,0.453
Pina_26meses(SC),0.033,0.407
Pina_26meses(SC),0.045,0.496
Pina_26meses(SC),0.056,0.452
Pina_26meses(SC),0.049,0.394
Pina_26meses(SC),0.042,0.372
Pina_26meses(SC),0.04,0.432
Pina_26meses(SC),0.046,0.388
Pina_26meses(SC),0.044,0.525
Pina_26meses(SC),0.052,0.456
Pina_26meses(SC),0.046,0.531
Pina_26meses(SC),0.065,0.471
Pina_26meses(SC),0.042,0.462
Pina_26meses(SC),0.04,0.476
Pina_26meses(SC),0.037,0.454
Pina_26meses(SC),0.031,0.377
Pina_26meses(SC),0.038,0.486
Pina_26meses(SC),0.041,0.403
Pina_26meses(SC),0.038,0.398
Pina_26meses(SC),0.039,0.477
Pina_26meses(SC),0.037,0.452
Pina_26meses(SC),0.032,0.406
Pina_26meses(SC),0.044,0.496
Pina_26meses(SC),0.055,0.451
Pina_26meses(SC),0.048,0.394
Pina_26meses(SC),0.041,0.372
Pina_26meses(SC),0.039,0.432
Pina_26meses(SC),0.045,0.388
Pina_26meses(SC),0.043,0.524
Asys_floracion(SC),0.032,0.629
Asys_floracion(SC),0.021,0.555
Asys_floracion(SC),0.034,0.524
Asys_floracion(SC),0.028,0.489
Asys_floracion(SC),0.018,0.399
Asys_floracion(SC),0.021,0.454
Asys_floracion(SC),0.018,0.425
Asys_floracion(SC),0.018,0.519
Asys_floracion(SC),0.032,0.649
Asys_floracion(SC),0.04,0.631
Asys_floracion(SC),0.03,0.56
Asys_floracion(SC),0.033,0.699
Asys_floracion(SC),0.04,0.74
Asys_floracion(SC),0.027,0.636
Asys_floracion(SC),0.028,0.578
Asys_floracion(SC),0.028,0.572
Asys_floracion(SC),0.024,0.518
Asys_floracion(SC),0.027,0.553
Asys_floracion(SC),0.022,0.498
Asys_floracion(SC),0.023,0.557
Asys_floracion(SC),0.032,0.633
Asys_floracion(SC),0.021,0.56
Asys_floracion(SC),0.034,0.527
Asys_floracion(SC),0.028,0.492
Asys_floracion(SC),0.018,0.402
Asys_floracion(SC),0.021,0.457
Asys_floracion(SC),0.018,0.428
Asys_floracion(SC),0.019,0.522
Asys_floracion(SC),0.033,0.654
Asys_floracion(SC),0.04,0.635
Asys_floracion(SC),0.03,0.564
Asys_floracion(SC),0.033,0.704
Asys_floracion(SC),0.041,0.744
Asys_floracion(SC),0.027,0.641
Asys_floracion(SC),0.028,0.582
Asys_floracion(SC),0.028,0.576
Asys_floracion(SC),0.024,0.522
Asys_floracion(SC),0.028,0.556
Asys_floracion(SC),0.023,0.503
Asys_floracion(SC),0.023,0.561
Asys_floracion(SC),0.033,0.636
Asys_floracion(SC),0.022,0.564
Asys_floracion(SC),0.035,0.529
Asys_floracion(SC),0.028,0.495
Asys_floracion(SC),0.018,0.405
Asys_floracion(SC),0.021,0.46
Asys_floracion(SC),0.018,0.432
Asys_floracion(SC),0.019,0.526
Asys_floracion(SC),0.033,0.658
Asys_floracion(SC),0.041,0.639
Asys_floracion(SC),0.031,0.567
Asys_floracion(SC),0.034,0.709
Asys_floracion(SC),0.042,0.747
Asys_floracion(SC),0.028,0.645
Asys_floracion(SC),0.028,0.586
Asys_floracion(SC),0.029,0.579
Asys_floracion(SC),0.025,0.525
Asys_floracion(SC),0.028,0.56
Asys_floracion(SC),0.023,0.507
Asys_floracion(SC),0.023,0.565
Asys_floracion(SC),0.033,0.64
Asys_floracion(SC),0.022,0.568
Asys_floracion(SC),0.035,0.532
Asys_floracion(SC),0.029,0.498
Asys_floracion(SC),0.019,0.408
Asys_floracion(SC),0.022,0.463
Asys_floracion(SC),0.019,0.434
Asys_floracion(SC),0.02,0.529
Asys_floracion(SC),0.034,0.661
Asys_floracion(SC),0.041,0.642
Asys_floracion(SC),0.031,0.571
Asys_floracion(SC),0.034,0.713
Asys_floracion(SC),0.042,0.75
Asys_floracion(SC),0.028,0.649
Asys_floracion(SC),0.029,0.589
Asys_floracion(SC),0.029,0.583
Asys_floracion(SC),0.025,0.529
Asys_floracion(SC),0.029,0.562
Asys_floracion(SC),0.023,0.51
Asys_floracion(SC),0.024,0.569
Asys_floracion(SC),0.034,0.642
Asys_floracion(SC),0.022,0.572
Asys_floracion(SC),0.036,0.533
Asys_floracion(SC),0.029,0.5
Asys_floracion(SC),0.019,0.41
Asys_floracion(SC),0.022,0.465
Asys_floracion(SC),0.019,0.437
Asys_floracion(SC),0.02,0.531
Asys_floracion(SC),0.034,0.665
Asys_floracion(SC),0.042,0.645
Asys_floracion(SC),0.032,0.574
Asys_floracion(SC),0.035,0.717
Asys_floracion(SC),0.043,0.753
Asys_floracion(SC),0.029,0.653
Asys_floracion(SC),0.029,0.592
Asys_floracion(SC),0.03,0.585
Asys_floracion(SC),0.026,0.532
Asys_floracion(SC),0.029,0.565
Asys_floracion(SC),0.024,0.513
Asys_floracion(SC),0.024,0.571
Asys_floracion(SC),0.035,0.645
Asys_floracion(SC),0.023,0.576
Asys_floracion(SC),0.036,0.534
Asys_floracion(SC),0.03,0.5
Asys_floracion(SC),0.019,0.411
Asys_floracion(SC),0.022,0.466
Asys_floracion(SC),0.019,0.439
Asys_floracion(SC),0.021,0.532
Asys_floracion(SC),0.035,0.667
Asys_floracion(SC),0.042,0.647
Asys_floracion(SC),0.032,0.578
Asys_floracion(SC),0.036,0.721
Asys_floracion(SC),0.044,0.755
Asys_floracion(SC),0.03,0.656
Asys_floracion(SC),0.03,0.594
Asys_floracion(SC),0.031,0.588
Asys_floracion(SC),0.026,0.535
Asys_floracion(SC),0.03,0.566
Asys_floracion(SC),0.024,0.515
Asys_floracion(SC),0.025,0.572
Asys_floracion(SC),0.036,0.647
Asys_floracion(SC),0.024,0.579
Asys_floracion(SC),0.037,0.534
Asys_floracion(SC),0.03,0.5
Asys_floracion(SC),0.02,0.411
Asys_floracion(SC),0.023,0.465
Asys_floracion(SC),0.02,0.439
Asys_floracion(SC),0.021,0.531
Asys_floracion(SC),0.036,0.669
Asys_floracion(SC),0.043,0.648
Asys_floracion(SC),0.033,0.581
Asys_floracion(SC),0.037,0.725
Asys_floracion(SC),0.045,0.758
Asys_floracion(SC),0.03,0.659
Asys_floracion(SC),0.031,0.596
Asys_floracion(SC),0.031,0.589
Asys_floracion(SC),0.027,0.535
Asys_floracion(SC),0.03,0.566
Asys_floracion(SC),0.025,0.516
Asys_floracion(SC),0.025,0.573
Asys_floracion(SC),0.037,0.648
Asys_floracion(SC),0.024,0.583
Asys_floracion(SC),0.037,0.532
Asys_floracion(SC),0.031,0.497
Asys_floracion(SC),0.02,0.408
Asys_floracion(SC),0.023,0.46
Asys_floracion(SC),0.02,0.438
Asys_floracion(SC),0.022,0.527
Asys_floracion(SC),0.037,0.67
Asys_floracion(SC),0.044,0.649
Asys_floracion(SC),0.034,0.586
Asys_floracion(SC),0.038,0.732
Asys_floracion(SC),0.046,0.762
Asys_floracion(SC),0.031,0.662
Asys_floracion(SC),0.031,0.597
Asys_floracion(SC),0.032,0.588
Asys_floracion(SC),0.028,0.532
Asys_floracion(SC),0.031,0.564
Asys_floracion(SC),0.025,0.515
Asys_floracion(SC),0.026,0.574
Asys_floracion(SC),0.038,0.65
Asys_floracion(SC),0.025,0.587
Asys_floracion(SC),0.038,0.528
Asys_floracion(SC),0.032,0.491
Asys_floracion(SC),0.021,0.401
Asys_floracion(SC),0.024,0.451
Asys_floracion(SC),0.021,0.435
Asys_floracion(SC),0.023,0.52
Asys_floracion(SC),0.038,0.672
Asys_floracion(SC),0.044,0.65
Asys_floracion(SC),0.034,0.593
Asys_floracion(SC),0.039,0.741
Asys_floracion(SC),0.048,0.769
Asys_floracion(SC),0.032,0.666
Asys_floracion(SC),0.032,0.597
Asys_floracion(SC),0.033,0.586
Asys_floracion(SC),0.028,0.528
Asys_floracion(SC),0.032,0.56
Asys_floracion(SC),0.026,0.513
Asys_floracion(SC),0.026,0.573
Asys_floracion(SC),0.039,0.652
Asys_floracion(SC),0.026,0.594
Asys_floracion(SC),0.039,0.523
Asys_floracion(SC),0.033,0.483
Asys_floracion(SC),0.021,0.397
Asys_floracion(SC),0.025,0.443
Asys_floracion(SC),0.021,0.434
Asys_floracion(SC),0.023,0.516
Asys_floracion(SC),0.039,0.675
Asys_floracion(SC),0.045,0.653
Asys_floracion(SC),0.035,0.603
Asys_floracion(SC),0.04,0.75
Asys_floracion(SC),0.049,0.773
Asys_floracion(SC),0.033,0.67
Asys_floracion(SC),0.033,0.597
Asys_floracion(SC),0.034,0.585
Asys_floracion(SC),0.029,0.528
Asys_floracion(SC),0.033,0.554
Asys_floracion(SC),0.027,0.51
Asys_floracion(SC),0.027,0.567
Asys_floracion(SC),0.041,0.653
Asys_floracion(SC),0.026,0.598
Asys_floracion(SC),0.04,0.52
Asys_floracion(SC),0.034,0.48
Asys_floracion(SC),0.022,0.395
Asys_floracion(SC),0.025,0.44
Asys_floracion(SC),0.022,0.434
Asys_floracion(SC),0.024,0.515
Asys_floracion(SC),0.04,0.677
Asys_floracion(SC),0.046,0.655
Asys_floracion(SC),0.036,0.608
Asys_floracion(SC),0.041,0.753
Asys_floracion(SC),0.051,0.774
Asys_floracion(SC),0.034,0.673
Asys_floracion(SC),0.034,0.597
Asys_floracion(SC),0.035,0.584
Asys_floracion(SC),0.03,0.53
Asys_floracion(SC),0.034,0.55
Asys_floracion(SC),0.028,0.51
Asys_floracion(SC),0.028,0.563
Asys_floracion(SC),0.042,0.653
Asys_floracion(SC),0.027,0.597
Asys_floracion(SC),0.041,0.522
Asys_floracion(SC),0.035,0.482
Asys_floracion(SC),0.023,0.398
Asys_floracion(SC),0.026,0.444
Asys_floracion(SC),0.023,0.436
Asys_floracion(SC),0.025,0.518
Asys_floracion(SC),0.042,0.677
Asys_floracion(SC),0.048,0.656
Asys_floracion(SC),0.037,0.606
Asys_floracion(SC),0.043,0.752
Asys_floracion(SC),0.053,0.772
Asys_floracion(SC),0.035,0.673
Asys_floracion(SC),0.035,0.598
Asys_floracion(SC),0.036,0.585
Asys_floracion(SC),0.031,0.532
Asys_floracion(SC),0.035,0.552
Asys_floracion(SC),0.028,0.512
Asys_floracion(SC),0.029,0.565
Asys_floracion(SC),0.044,0.654
Asys_floracion(SC),0.028,0.597
Asys_floracion(SC),0.043,0.527
Asys_floracion(SC),0.036,0.488
Asys_floracion(SC),0.023,0.403
Asys_floracion(SC),0.027,0.45
Asys_floracion(SC),0.024,0.439
Asys_floracion(SC),0.027,0.523
Asys_floracion(SC),0.043,0.679
Asys_floracion(SC),0.049,0.658
Asys_floracion(SC),0.039,0.603
Asys_floracion(SC),0.044,0.75
Asys_floracion(SC),0.054,0.772
Asys_floracion(SC),0.036,0.673
Asys_floracion(SC),0.036,0.6
Asys_floracion(SC),0.037,0.588
Asys_floracion(SC),0.032,0.536
Asys_floracion(SC),0.036,0.558
Asys_floracion(SC),0.03,0.516
Asys_floracion(SC),0.03,0.57
Asys_floracion(SC),0.046,0.656
Asys_floracion(SC),0.029,0.598
Asys_floracion(SC),0.044,0.532
Asys_floracion(SC),0.037,0.496
Asys_floracion(SC),0.024,0.409
Asys_floracion(SC),0.028,0.459
Asys_floracion(SC),0.025,0.444
Asys_floracion(SC),0.028,0.53
Asys_floracion(SC),0.045,0.682
Asys_floracion(SC),0.05,0.66
Asys_floracion(SC),0.04,0.601
Asys_floracion(SC),0.046,0.748
Asys_floracion(SC),0.057,0.771
Asys_floracion(SC),0.038,0.675
Asys_floracion(SC),0.038,0.604
Asys_floracion(SC),0.039,0.593
Asys_floracion(SC),0.034,0.541
Asys_floracion(SC),0.038,0.564
Asys_floracion(SC),0.031,0.522
Asys_floracion(SC),0.031,0.576
Asys_floracion(SC),0.048,0.659
Asys_floracion(SC),0.031,0.598
Asys_floracion(SC),0.045,0.538
Asys_floracion(SC),0.038,0.503
Asys_floracion(SC),0.025,0.416
Asys_floracion(SC),0.029,0.468
Asys_floracion(SC),0.026,0.448
Asys_floracion(SC),0.029,0.537
Asys_floracion(SC),0.046,0.684
Asys_floracion(SC),0.052,0.662
Asys_floracion(SC),0.041,0.599
Asys_floracion(SC),0.048,0.747
Asys_floracion(SC),0.059,0.771
Asys_floracion(SC),0.039,0.676
Asys_floracion(SC),0.039,0.607
Asys_floracion(SC),0.04,0.598
Asys_floracion(SC),0.035,0.546
Asys_floracion(SC),0.039,0.571
Asys_floracion(SC),0.032,0.527
Asys_floracion(SC),0.033,0.582
Asys_floracion(SC),0.05,0.66
Asys_floracion(SC),0.032,0.599
Asys_floracion(SC),0.047,0.543
Asys_floracion(SC),0.04,0.509
Asys_floracion(SC),0.026,0.421
Asys_floracion(SC),0.03,0.475
Asys_floracion(SC),0.027,0.452
Asys_floracion(SC),0.031,0.542
Asys_floracion(SC),0.048,0.687
Asys_floracion(SC),0.053,0.664
Asys_floracion(SC),0.043,0.597
Asys_floracion(SC),0.05,0.746
Asys_floracion(SC),0.061,0.772
Asys_floracion(SC),0.041,0.677
Asys_floracion(SC),0.041,0.61
Asys_floracion(SC),0.042,0.602
Asys_floracion(SC),0.037,0.549
Asys_floracion(SC),0.041,0.576
Asys_floracion(SC),0.033,0.531
Asys_floracion(SC),0.034,0.587
Asys_floracion(SC),0.052,0.662
Asys_floracion(SC),0.033,0.599
Asys_floracion(SC),0.049,0.546
Asys_floracion(SC),0.041,0.513
Asys_floracion(SC),0.027,0.425
Asys_floracion(SC),0.032,0.48
Asys_floracion(SC),0.028,0.454
Asys_floracion(SC),0.032,0.546
Asys_floracion(SC),0.05,0.688
Asys_floracion(SC),0.055,0.666
Asys_floracion(SC),0.044,0.596
Asys_floracion(SC),0.052,0.746
Asys_floracion(SC),0.064,0.772
Asys_floracion(SC),0.043,0.678
Asys_floracion(SC),0.043,0.612
Asys_floracion(SC),0.044,0.605
Asys_floracion(SC),0.038,0.552
Asys_floracion(SC),0.042,0.58
Asys_floracion(SC),0.035,0.534
Asys_floracion(SC),0.036,0.591
Asys_floracion(SC),0.055,0.663
Asys_floracion(SC),0.035,0.6
Asys_floracion(SC),0.051,0.549
Asys_floracion(SC),0.043,0.517
Asys_floracion(SC),0.029,0.427
Asys_floracion(SC),0.033,0.483
Asys_floracion(SC),0.029,0.456
Asys_floracion(SC),0.034,0.548
Asys_floracion(SC),0.053,0.69
Asys_floracion(SC),0.057,0.667
Asys_floracion(SC),0.046,0.596
Asys_floracion(SC),0.054,0.746
Asys_floracion(SC),0.067,0.773
Asys_floracion(SC),0.045,0.679
Asys_floracion(SC),0.045,0.614
Asys_floracion(SC),0.046,0.607
Asys_floracion(SC),0.04,0.554
Asys_floracion(SC),0.044,0.583
Asys_floracion(SC),0.036,0.537
Asys_floracion(SC),0.037,0.594
Asys_floracion(SC),0.058,0.664
Asys_floracion(SC),0.037,0.601
Asys_floracion(SC),0.053,0.55
Asys_floracion(SC),0.045,0.519
Asys_floracion(SC),0.03,0.429
Asys_floracion(SC),0.034,0.485
Asys_floracion(SC),0.03,0.457
Asys_floracion(SC),0.036,0.55
Asys_floracion(SC),0.055,0.691
Asys_floracion(SC),0.059,0.668
Asys_floracion(SC),0.048,0.596
Asys_floracion(SC),0.057,0.747
Asys_floracion(SC),0.07,0.773
Asys_floracion(SC),0.047,0.68
Asys_floracion(SC),0.047,0.615
Asys_floracion(SC),0.048,0.608
Asys_floracion(SC),0.042,0.555
Asys_floracion(SC),0.046,0.586
Asys_floracion(SC),0.038,0.539
Asys_floracion(SC),0.039,0.597
Asys_floracion(SC),0.06,0.665
Asys_floracion(SC),0.038,0.602
Asys_floracion(SC),0.055,0.551
Asys_floracion(SC),0.047,0.52
Asys_floracion(SC),0.031,0.43
Asys_floracion(SC),0.036,0.487
Asys_floracion(SC),0.032,0.458
Asys_floracion(SC),0.038,0.551
Asys_floracion(SC),0.058,0.692
Asys_floracion(SC),0.061,0.668
Asys_floracion(SC),0.05,0.596
Asys_floracion(SC),0.059,0.748
Asys_floracion(SC),0.073,0.774
Asys_floracion(SC),0.049,0.681
Asys_floracion(SC),0.049,0.617
Asys_floracion(SC),0.05,0.61
Asys_floracion(SC),0.044,0.556
Asys_floracion(SC),0.048,0.587
Asys_floracion(SC),0.04,0.54
Asys_floracion(SC),0.041,0.598
Asys_floracion(SC),0.063,0.666
Asys_floracion(SC),0.04,0.603
Asys_floracion(SC),0.057,0.552
Asys_floracion(SC),0.049,0.521
Asys_floracion(SC),0.033,0.431
Asys_floracion(SC),0.037,0.488
Asys_floracion(SC),0.033,0.459
Asys_floracion(SC),0.04,0.552
Asys_floracion(SC),0.061,0.693
Asys_floracion(SC),0.064,0.669
Asys_floracion(SC),0.053,0.597
Asys_floracion(SC),0.062,0.748
Asys_floracion(SC),0.077,0.775
Asys_floracion(SC),0.052,0.682
Asys_floracion(SC),0.051,0.617
Asys_floracion(SC),0.052,0.611
Asys_floracion(SC),0.046,0.557
Asys_floracion(SC),0.051,0.588
Asys_floracion(SC),0.042,0.541
Asys_floracion(SC),0.043,0.6
Asys_floracion(SC),0.067,0.666
Asys_floracion(SC),0.043,0.603
Asys_floracion(SC),0.06,0.553
Asys_floracion(SC),0.051,0.522
Asys_floracion(SC),0.034,0.432
Asys_floracion(SC),0.039,0.489
Asys_floracion(SC),0.035,0.46
Asys_floracion(SC),0.042,0.553
Asys_floracion(SC),0.064,0.694
Asys_floracion(SC),0.066,0.67
Asys_floracion(SC),0.055,0.597
Asys_floracion(SC),0.065,0.749
Asys_floracion(SC),0.081,0.775
Asys_floracion(SC),0.054,0.683
Asys_floracion(SC),0.054,0.618
Asys_floracion(SC),0.055,0.611
Asys_floracion(SC),0.048,0.558
Asys_floracion(SC),0.053,0.589
Asys_floracion(SC),0.044,0.542
Asys_floracion(SC),0.045,0.601
Asys_floracion(SC),0.07,0.667
Asys_floracion(SC),0.045,0.604
Asys_floracion(SC),0.062,0.554
Asys_floracion(SC),0.053,0.523
Asys_floracion(SC),0.036,0.433
Asys_floracion(SC),0.041,0.49
Asys_floracion(SC),0.037,0.46
Asys_floracion(SC),0.045,0.554
Asys_floracion(SC),0.067,0.694
Asys_floracion(SC),0.069,0.671
Asys_floracion(SC),0.057,0.597
Asys_floracion(SC),0.068,0.75
Asys_floracion(SC),0.085,0.776
Asys_floracion(SC),0.057,0.683
Asys_floracion(SC),0.057,0.619
Asys_floracion(SC),0.058,0.612
Asys_floracion(SC),0.051,0.558
Asys_floracion(SC),0.056,0.59
Asys_floracion(SC),0.046,0.543
Asys_floracion(SC),0.047,0.601
Asys_floracion(SC),0.073,0.667
Asys_floracion(SC),0.047,0.605
Asys_floracion(SC),0.065,0.554
Asys_floracion(SC),0.055,0.523
Asys_floracion(SC),0.037,0.434
Asys_floracion(SC),0.043,0.49
Asys_floracion(SC),0.038,0.461
Asys_floracion(SC),0.047,0.554
Asys_floracion(SC),0.07,0.695
Asys_floracion(SC),0.072,0.671
Asys_floracion(SC),0.06,0.598
Asys_floracion(SC),0.071,0.75
Asys_floracion(SC),0.089,0.776
Asys_floracion(SC),0.059,0.684
Asys_floracion(SC),0.059,0.619
Asys_floracion(SC),0.06,0.613
Asys_floracion(SC),0.053,0.559
Asys_floracion(SC),0.058,0.59
Asys_floracion(SC),0.048,0.544
Asys_floracion(SC),0.05,0.602
Asys_floracion(SC),0.077,0.668
Asys_floracion(SC),0.049,0.606
Asys_floracion(SC),0.068,0.555
Asys_floracion(SC),0.058,0.524
Asys_floracion(SC),0.039,0.434
Asys_floracion(SC),0.045,0.491
Asys_floracion(SC),0.04,0.461
Asys_floracion(SC),0.049,0.555
Asys_floracion(SC),0.073,0.696
Asys_floracion(SC),0.074,0.672
Asys_floracion(SC),0.062,0.598
Asys_floracion(SC),0.074,0.751
Asys_floracion(SC),0.093,0.776
Asys_floracion(SC),0.062,0.684
Asys_floracion(SC),0.062,0.62
Asys_floracion(SC),0.063,0.613
Asys_floracion(SC),0.055,0.56
Asys_floracion(SC),0.061,0.591
Asys_floracion(SC),0.05,0.544
Asys_floracion(SC),0.052,0.603
Asys_floracion(SC),0.08,0.668
Asys_floracion(SC),0.051,0.606
Asys_floracion(SC),0.07,0.555
Asys_floracion(SC),0.06,0.524
Asys_floracion(SC),0.04,0.435
Asys_floracion(SC),0.046,0.491
Asys_floracion(SC),0.042,0.462
Asys_floracion(SC),0.052,0.555
Asys_floracion(SC),0.076,0.696
Asys_floracion(SC),0.077,0.672
Asys_floracion(SC),0.065,0.599
Asys_floracion(SC),0.078,0.751
Asys_floracion(SC),0.097,0.777
Asys_floracion(SC),0.065,0.685
Asys_floracion(SC),0.065,0.62
Asys_floracion(SC),0.066,0.614
Asys_floracion(SC),0.058,0.56
Asys_floracion(SC),0.063,0.591
Asys_floracion(SC),0.052,0.545
Asys_floracion(SC),0.054,0.603
Asys_floracion(SC),0.084,0.669
Asys_floracion(SC),0.053,0.607
Asys_floracion(SC),0.073,0.555
Asys_floracion(SC),0.062,0.525
Asys_floracion(SC),0.042,0.435
Asys_floracion(SC),0.048,0.492
Asys_floracion(SC),0.044,0.462
Asys_floracion(SC),0.054,0.555
Asys_floracion(SC),0.079,0.697
Asys_floracion(SC),0.08,0.672
Asys_floracion(SC),0.067,0.599
Asys_floracion(SC),0.081,0.752
Asys_floracion(SC),0.101,0.777
Asys_floracion(SC),0.067,0.685
Asys_floracion(SC),0.067,0.621
Asys_floracion(SC),0.069,0.614
Asys_floracion(SC),0.06,0.561
Asys_floracion(SC),0.066,0.592
Asys_floracion(SC),0.054,0.546
Asys_floracion(SC),0.056,0.604
Asys_floracion(SC),0.087,0.669
Asys_floracion(SC),0.056,0.607
Asys_floracion(SC),0.076,0.555
Asys_floracion(SC),0.064,0.525
Asys_floracion(SC),0.043,0.436
Asys_floracion(SC),0.05,0.492
Asys_floracion(SC),0.045,0.463
Asys_floracion(SC),0.057,0.556
Asys_floracion(SC),0.082,0.697
Asys_floracion(SC),0.083,0.673
Asys_floracion(SC),0.07,0.6
Asys_floracion(SC),0.084,0.753
Asys_floracion(SC),0.105,0.777
Asys_floracion(SC),0.07,0.686
Asys_floracion(SC),0.07,0.621
Asys_floracion(SC),0.071,0.615
Asys_floracion(SC),0.063,0.561
Asys_floracion(SC),0.069,0.592
Asys_floracion(SC),0.056,0.546
Asys_floracion(SC),0.059,0.604
Asys_floracion(SC),0.09,0.669
Asys_floracion(SC),0.058,0.608
Asys_floracion(SC),0.078,0.556
Asys_floracion(SC),0.067,0.525
Asys_floracion(SC),0.045,0.436
Asys_floracion(SC),0.052,0.493
Asys_floracion(SC),0.047,0.463
Asys_floracion(SC),0.059,0.556
Asys_floracion(SC),0.086,0.697
Asys_floracion(SC),0.085,0.673
Asys_floracion(SC),0.072,0.6
Asys_floracion(SC),0.087,0.753
Asys_floracion(SC),0.109,0.778
Asys_floracion(SC),0.073,0.686
Asys_floracion(SC),0.073,0.621
Asys_floracion(SC),0.074,0.615
Asys_floracion(SC),0.065,0.562
Asys_floracion(SC),0.071,0.592
Asys_floracion(SC),0.059,0.546
Asys_floracion(SC),0.061,0.604
Asys_floracion(SC),0.094,0.67
Asys_floracion(SC),0.06,0.608
Asys_floracion(SC),0.081,0.556
Asys_floracion(SC),0.069,0.525
Asys_floracion(SC),0.046,0.436
Asys_floracion(SC),0.053,0.493
Asys_floracion(SC),0.049,0.463
Asys_floracion(SC),0.062,0.556
Asys_floracion(SC),0.089,0.698
Asys_floracion(SC),0.088,0.674
Asys_floracion(SC),0.075,0.601
Asys_floracion(SC),0.09,0.753
Asys_floracion(SC),0.113,0.778
Asys_floracion(SC),0.076,0.687
Asys_floracion(SC),0.075,0.622
Asys_floracion(SC),0.077,0.615
Asys_floracion(SC),0.067,0.562
Asys_floracion(SC),0.074,0.592
Asys_floracion(SC),0.061,0.547
Asys_floracion(SC),0.063,0.604
Asys_floracion(SC),0.097,0.67
Asys_floracion(SC),0.062,0.608
Asys_floracion(SC),0.083,0.556
Asys_floracion(SC),0.071,0.525
Asys_floracion(SC),0.048,0.436
Asys_floracion(SC),0.055,0.493
Asys_floracion(SC),0.05,0.463
Asys_floracion(SC),0.064,0.556
Asys_floracion(SC),0.092,0.698
Asys_floracion(SC),0.091,0.674
Asys_floracion(SC),0.077,0.601
Asys_floracion(SC),0.093,0.754
Asys_floracion(SC),0.117,0.778
Asys_floracion(SC),0.078,0.687
Asys_floracion(SC),0.078,0.622
Asys_floracion(SC),0.079,0.615
Asys_floracion(SC),0.07,0.562
Asys_floracion(SC),0.076,0.592
Asys_floracion(SC),0.063,0.547
Asys_floracion(SC),0.066,0.605
Asys_floracion(SC),0.1,0.67
Asys_floracion(SC),0.064,0.609
Asys_floracion(SC),0.086,0.555
Asys_floracion(SC),0.073,0.525
Asys_floracion(SC),0.049,0.436
Asys_floracion(SC),0.057,0.492
Asys_floracion(SC),0.052,0.463
Asys_floracion(SC),0.066,0.556
Asys_floracion(SC),0.095,0.698
Asys_floracion(SC),0.094,0.674
Asys_floracion(SC),0.08,0.602
Asys_floracion(SC),0.096,0.754
Asys_floracion(SC),0.121,0.778
Asys_floracion(SC),0.081,0.687
Asys_floracion(SC),0.081,0.622
Asys_floracion(SC),0.082,0.615
Asys_floracion(SC),0.072,0.562
Asys_floracion(SC),0.079,0.592
Asys_floracion(SC),0.065,0.547
Asys_floracion(SC),0.068,0.604
Asys_floracion(SC),0.103,0.67
Asys_floracion(SC),0.066,0.609
Asys_floracion(SC),0.088,0.555
Asys_floracion(SC),0.075,0.524
Asys_floracion(SC),0.051,0.436
Asys_floracion(SC),0.058,0.491
Asys_floracion(SC),0.054,0.463
Asys_floracion(SC),0.068,0.555
Asys_floracion(SC),0.098,0.698
Asys_floracion(SC),0.096,0.674
Asys_floracion(SC),0.082,0.602
Asys_floracion(SC),0.099,0.754
Asys_floracion(SC),0.125,0.778
Asys_floracion(SC),0.083,0.687
Asys_floracion(SC),0.083,0.621
Asys_floracion(SC),0.084,0.615
Asys_floracion(SC),0.074,0.562
Asys_floracion(SC),0.081,0.591
Asys_floracion(SC),0.067,0.546
Asys_floracion(SC),0.07,0.604
Asys_floracion(SC),0.106,0.669
Asys_floracion(SC),0.068,0.609
Asys_floracion(SC),0.09,0.554
Asys_floracion(SC),0.077,0.523
Asys_floracion(SC),0.052,0.435
Asys_floracion(SC),0.06,0.49
Asys_floracion(SC),0.055,0.463
Asys_floracion(SC),0.07,0.554
Asys_floracion(SC),0.1,0.698
Asys_floracion(SC),0.098,0.673
Asys_floracion(SC),0.084,0.603
Asys_floracion(SC),0.101,0.755
Asys_floracion(SC),0.128,0.778
Asys_floracion(SC),0.085,0.687
Asys_floracion(SC),0.085,0.621
Asys_floracion(SC),0.087,0.614
Asys_floracion(SC),0.076,0.561
Asys_floracion(SC),0.083,0.59
Asys_floracion(SC),0.068,0.546
Asys_floracion(SC),0.071,0.603
Asys_floracion(SC),0.108,0.669
Asys_floracion(SC),0.069,0.609
Asys_floracion(SC),0.092,0.553
Asys_floracion(SC),0.079,0.522
Asys_floracion(SC),0.053,0.434
Asys_floracion(SC),0.061,0.488
Asys_floracion(SC),0.056,0.462
Asys_floracion(SC),0.072,0.553
Asys_floracion(SC),0.103,0.697
Asys_floracion(SC),0.1,0.673
Asys_floracion(SC),0.086,0.603
Asys_floracion(SC),0.103,0.755
Asys_floracion(SC),0.131,0.778
Asys_floracion(SC),0.087,0.687
Asys_floracion(SC),0.087,0.62
Asys_floracion(SC),0.089,0.613
Asys_floracion(SC),0.077,0.561
Asys_floracion(SC),0.085,0.589
Asys_floracion(SC),0.07,0.545
Asys_floracion(SC),0.073,0.602
Asys_floracion(SC),0.11,0.669
Asys_floracion(SC),0.071,0.61
Asys_floracion(SC),0.094,0.552
Asys_floracion(SC),0.08,0.521
Asys_floracion(SC),0.054,0.433
Asys_floracion(SC),0.062,0.487
Asys_floracion(SC),0.057,0.461
Asys_floracion(SC),0.074,0.551
Asys_floracion(SC),0.105,0.697
Asys_floracion(SC),0.102,0.673
Asys_floracion(SC),0.088,0.604
Asys_floracion(SC),0.106,0.755
Asys_floracion(SC),0.134,0.778
Asys_floracion(SC),0.089,0.687
Asys_floracion(SC),0.089,0.62
Asys_floracion(SC),0.091,0.612
Asys_floracion(SC),0.079,0.56
Asys_floracion(SC),0.087,0.588
Asys_floracion(SC),0.072,0.544
Asys_floracion(SC),0.075,0.601
Asys_floracion(SC),0.113,0.668
Asys_floracion(SC),0.072,0.61
Asys_floracion(SC),0.096,0.551
Asys_floracion(SC),0.082,0.519
Asys_floracion(SC),0.055,0.432
Asys_floracion(SC),0.063,0.485
Asys_floracion(SC),0.059,0.46
Asys_floracion(SC),0.076,0.55
Asys_floracion(SC),0.107,0.696
Asys_floracion(SC),0.104,0.672
Asys_floracion(SC),0.089,0.605
Asys_floracion(SC),0.108,0.756
Asys_floracion(SC),0.137,0.778
Asys_floracion(SC),0.091,0.687
Asys_floracion(SC),0.091,0.619
Asys_floracion(SC),0.093,0.611
Asys_floracion(SC),0.081,0.559
Asys_floracion(SC),0.089,0.587
Asys_floracion(SC),0.073,0.543
Asys_floracion(SC),0.077,0.6
Asys_floracion(SC),0.115,0.668
Asys_floracion(SC),0.074,0.61
Asys_floracion(SC),0.098,0.55
Asys_floracion(SC),0.083,0.518
Asys_floracion(SC),0.056,0.431
Asys_floracion(SC),0.064,0.484
Asys_floracion(SC),0.06,0.46
Asys_floracion(SC),0.077,0.549
Asys_floracion(SC),0.109,0.696
Asys_floracion(SC),0.106,0.672
Asys_floracion(SC),0.091,0.606
Asys_floracion(SC),0.11,0.756
Asys_floracion(SC),0.14,0.778
Asys_floracion(SC),0.093,0.686
Asys_floracion(SC),0.093,0.619
Asys_floracion(SC),0.094,0.611
Asys_floracion(SC),0.082,0.558
Asys_floracion(SC),0.09,0.586
Asys_floracion(SC),0.074,0.543
Asys_floracion(SC),0.078,0.599
Asys_floracion(SC),0.116,0.668
Asys_floracion(SC),0.075,0.61
Asys_floracion(SC),0.099,0.55
Asys_floracion(SC),0.085,0.518
Asys_floracion(SC),0.057,0.431
Asys_floracion(SC),0.065,0.484
Asys_floracion(SC),0.061,0.46
Asys_floracion(SC),0.079,0.549
Asys_floracion(SC),0.111,0.696
Asys_floracion(SC),0.108,0.672
Asys_floracion(SC),0.092,0.606
Asys_floracion(SC),0.111,0.757
Asys_floracion(SC),0.142,0.778
Asys_floracion(SC),0.094,0.687
Asys_floracion(SC),0.094,0.619
Asys_floracion(SC),0.096,0.611
Asys_floracion(SC),0.083,0.559
Asys_floracion(SC),0.092,0.586
Asys_floracion(SC),0.076,0.543
Asys_floracion(SC),0.079,0.599
Asys_floracion(SC),0.118,0.669
Asys_floracion(SC),0.076,0.611
Asys_floracion(SC),0.101,0.55
Asys_floracion(SC),0.086,0.519
Asys_floracion(SC),0.057,0.432
Asys_floracion(SC),0.066,0.484
Asys_floracion(SC),0.062,0.461
Asys_floracion(SC),0.08,0.55
Asys_floracion(SC),0.113,0.697
Asys_floracion(SC),0.109,0.673
Asys_floracion(SC),0.093,0.606
Asys_floracion(SC),0.113,0.757
Asys_floracion(SC),0.144,0.778
Asys_floracion(SC),0.096,0.687
Asys_floracion(SC),0.095,0.619
Asys_floracion(SC),0.097,0.612
Asys_floracion(SC),0.085,0.559
Asys_floracion(SC),0.093,0.586
Asys_floracion(SC),0.077,0.544
Asys_floracion(SC),0.08,0.599
Asys_floracion(SC),0.12,0.669
Asys_floracion(SC),0.077,0.611
Asys_floracion(SC),0.102,0.551
Asys_floracion(SC),0.087,0.52
Asys_floracion(SC),0.058,0.433
Asys_floracion(SC),0.067,0.486
Asys_floracion(SC),0.062,0.462
Asys_floracion(SC),0.081,0.551
Asys_floracion(SC),0.114,0.697
Asys_floracion(SC),0.11,0.674
Asys_floracion(SC),0.095,0.606
Asys_floracion(SC),0.114,0.757
Asys_floracion(SC),0.146,0.779
Asys_floracion(SC),0.097,0.688
Asys_floracion(SC),0.097,0.62
Asys_floracion(SC),0.098,0.612
Asys_floracion(SC),0.086,0.56
Asys_floracion(SC),0.094,0.587
Asys_floracion(SC),0.078,0.544
Asys_floracion(SC),0.081,0.6
Asys_floracion(SC),0.121,0.67
Asys_floracion(SC),0.078,0.612
Asys_floracion(SC),0.103,0.552
Asys_floracion(SC),0.088,0.521
Asys_floracion(SC),0.059,0.434
Asys_floracion(SC),0.068,0.487
Asys_floracion(SC),0.063,0.462
Asys_floracion(SC),0.082,0.552
Asys_floracion(SC),0.116,0.698
Asys_floracion(SC),0.112,0.674
Asys_floracion(SC),0.096,0.607
Asys_floracion(SC),0.116,0.758
Asys_floracion(SC),0.148,0.779
Asys_floracion(SC),0.098,0.688
Asys_floracion(SC),0.098,0.621
Asys_floracion(SC),0.1,0.613
Asys_floracion(SC),0.086,0.561
Asys_floracion(SC),0.095,0.588
Asys_floracion(SC),0.078,0.545
Asys_floracion(SC),0.082,0.601
Asys_floracion(SC),0.122,0.67
Asys_floracion(SC),0.078,0.612
Asys_floracion(SC),0.104,0.552
Asys_floracion(SC),0.089,0.521
Asys_floracion(SC),0.059,0.434
Asys_floracion(SC),0.068,0.487
Asys_floracion(SC),0.064,0.462
Asys_floracion(SC),0.083,0.552
Asys_floracion(SC),0.117,0.698
Asys_floracion(SC),0.113,0.674
Asys_floracion(SC),0.097,0.607
Asys_floracion(SC),0.117,0.758
Asys_floracion(SC),0.15,0.779
Asys_floracion(SC),0.099,0.688
Asys_floracion(SC),0.099,0.621
Asys_floracion(SC),0.101,0.613
Asys_floracion(SC),0.087,0.561
Asys_floracion(SC),0.096,0.588
Asys_floracion(SC),0.079,0.546
Asys_floracion(SC),0.083,0.601
Asys_floracion(SC),0.123,0.67
Asys_floracion(SC),0.079,0.612
Asys_floracion(SC),0.105,0.552
Asys_floracion(SC),0.089,0.521
Asys_floracion(SC),0.06,0.434
Asys_floracion(SC),0.069,0.486
Asys_floracion(SC),0.064,0.462
Asys_floracion(SC),0.084,0.551
Asys_floracion(SC),0.118,0.698
Asys_floracion(SC),0.114,0.674
Asys_floracion(SC),0.097,0.607
Asys_floracion(SC),0.118,0.758
Asys_floracion(SC),0.151,0.779
Asys_floracion(SC),0.1,0.688
Asys_floracion(SC),0.1,0.621
Asys_floracion(SC),0.102,0.613
Asys_floracion(SC),0.088,0.561
Asys_floracion(SC),0.097,0.588
Asys_floracion(SC),0.08,0.545
Asys_floracion(SC),0.084,0.601
Asys_floracion(SC),0.124,0.67
Asys_floracion(SC),0.08,0.612
Asys_floracion(SC),0.106,0.551
Asys_floracion(SC),0.09,0.52
Asys_floracion(SC),0.06,0.433
Asys_floracion(SC),0.069,0.485
Asys_floracion(SC),0.065,0.462
Asys_floracion(SC),0.084,0.551
Asys_floracion(SC),0.119,0.698
Asys_floracion(SC),0.115,0.674
Asys_floracion(SC),0.098,0.608
Asys_floracion(SC),0.119,0.758
Asys_floracion(SC),0.153,0.779
Asys_floracion(SC),0.101,0.688
Asys_floracion(SC),0.1,0.62
Asys_floracion(SC),0.102,0.612
Asys_floracion(SC),0.089,0.56
Asys_floracion(SC),0.098,0.587
Asys_floracion(SC),0.081,0.545
Asys_floracion(SC),0.085,0.6
Asys_floracion(SC),0.125,0.669
Asys_floracion(SC),0.08,0.612
Asys_floracion(SC),0.106,0.55
Asys_floracion(SC),0.091,0.519
Asys_floracion(SC),0.061,0.433
Asys_floracion(SC),0.07,0.484
Asys_floracion(SC),0.065,0.461
Asys_floracion(SC),0.085,0.55
Asys_floracion(SC),0.12,0.697
Asys_floracion(SC),0.115,0.674
Asys_floracion(SC),0.099,0.608
Asys_floracion(SC),0.12,0.758
Asys_floracion(SC),0.154,0.779
Asys_floracion(SC),0.101,0.688
Asys_floracion(SC),0.101,0.62
Asys_floracion(SC),0.103,0.612
Asys_floracion(SC),0.089,0.56
Asys_floracion(SC),0.098,0.586
Asys_floracion(SC),0.081,0.544
Asys_floracion(SC),0.085,0.599
Asys_floracion(SC),0.126,0.669
Asys_floracion(SC),0.081,0.613
Asys_floracion(SC),0.107,0.55
Asys_floracion(SC),0.091,0.518
Asys_floracion(SC),0.061,0.433
Asys_floracion(SC),0.07,0.484
Asys_floracion(SC),0.066,0.461
Asys_floracion(SC),0.086,0.549
Asys_floracion(SC),0.121,0.697
Asys_floracion(SC),0.116,0.674
Asys_floracion(SC),0.1,0.609
Asys_floracion(SC),0.12,0.759
Asys_floracion(SC),0.155,0.779
Asys_floracion(SC),0.102,0.688
Asys_floracion(SC),0.102,0.62
Asys_floracion(SC),0.104,0.612
Asys_floracion(SC),0.09,0.56
Asys_floracion(SC),0.099,0.586
Asys_floracion(SC),0.082,0.544
Asys_floracion(SC),0.086,0.599
Asys_floracion(SC),0.127,0.669
Asys_floracion(SC),0.081,0.613
Asys_floracion(SC),0.108,0.55
Asys_floracion(SC),0.092,0.518
Asys_floracion(SC),0.061,0.432
Asys_floracion(SC),0.071,0.483
Asys_floracion(SC),0.066,0.461
Asys_floracion(SC),0.087,0.549
Asys_floracion(SC),0.122,0.697
Asys_floracion(SC),0.117,0.674
Asys_floracion(SC),0.1,0.609
Asys_floracion(SC),0.121,0.759
Asys_floracion(SC),0.157,0.779
Asys_floracion(SC),0.103,0.688
Asys_floracion(SC),0.103,0.62
Asys_floracion(SC),0.105,0.612
Asys_floracion(SC),0.09,0.56
Asys_floracion(SC),0.099,0.585
Asys_floracion(SC),0.082,0.544
Asys_floracion(SC),0.086,0.599
Asys_floracion(SC),0.128,0.669
Asys_floracion(SC),0.082,0.613
Asys_floracion(SC),0.108,0.549
Asys_floracion(SC),0.092,0.518
Asys_floracion(SC),0.062,0.432
Asys_floracion(SC),0.071,0.483
Asys_floracion(SC),0.066,0.461
Asys_floracion(SC),0.087,0.549
Asys_floracion(SC),0.123,0.697
Asys_floracion(SC),0.118,0.674
Asys_floracion(SC),0.101,0.61
Asys_floracion(SC),0.122,0.759
Asys_floracion(SC),0.158,0.779
Asys_floracion(SC),0.103,0.688
Asys_floracion(SC),0.103,0.62
Asys_floracion(SC),0.105,0.611
Asys_floracion(SC),0.091,0.56
Asys_floracion(SC),0.1,0.585
Asys_floracion(SC),0.083,0.544
Asys_floracion(SC),0.087,0.599
Asys_floracion(SC),0.129,0.669
Asys_floracion(SC),0.082,0.613
Asys_floracion(SC),0.109,0.549
Asys_floracion(SC),0.093,0.517
Asys_floracion(SC),0.062,0.432
Asys_floracion(SC),0.071,0.482
Asys_floracion(SC),0.067,0.461
Asys_floracion(SC),0.088,0.548
Asys_floracion(SC),0.124,0.697
Asys_floracion(SC),0.118,0.674
Asys_floracion(SC),0.101,0.61
Asys_floracion(SC),0.123,0.759
Asys_floracion(SC),0.159,0.779
Asys_floracion(SC),0.104,0.688
Asys_floracion(SC),0.104,0.619
Asys_floracion(SC),0.106,0.611
Asys_floracion(SC),0.091,0.56
Asys_floracion(SC),0.101,0.585
Asys_floracion(SC),0.083,0.544
Asys_floracion(SC),0.087,0.598
Asys_floracion(SC),0.129,0.669
Asys_floracion(SC),0.083,0.613
Asys_floracion(SC),0.11,0.549
Asys_floracion(SC),0.093,0.517
Asys_floracion(SC),0.062,0.432
Asys_floracion(SC),0.072,0.482
Asys_floracion(SC),0.067,0.461
Asys_floracion(SC),0.088,0.548
Asys_floracion(SC),0.124,0.697
Asys_floracion(SC),0.119,0.674
Asys_floracion(SC),0.102,0.61
Asys_floracion(SC),0.123,0.76
Asys_floracion(SC),0.16,0.779
Asys_floracion(SC),0.104,0.689
Asys_floracion(SC),0.104,0.62
Asys_floracion(SC),0.106,0.611
Asys_floracion(SC),0.092,0.56
Asys_floracion(SC),0.101,0.585
Asys_floracion(SC),0.084,0.544
Asys_floracion(SC),0.088,0.598
Asys_floracion(SC),0.13,0.67
Asys_floracion(SC),0.083,0.613
Asys_floracion(SC),0.11,0.549
Asys_floracion(SC),0.094,0.518
Asys_floracion(SC),0.062,0.433
Asys_floracion(SC),0.072,0.483
Asys_floracion(SC),0.068,0.461
Asys_floracion(SC),0.089,0.549
Asys_floracion(SC),0.125,0.698
Asys_floracion(SC),0.12,0.675
Asys_floracion(SC),0.103,0.61
Asys_floracion(SC),0.124,0.76
Asys_floracion(SC),0.16,0.78
Asys_floracion(SC),0.105,0.689
Asys_floracion(SC),0.105,0.62
Asys_floracion(SC),0.107,0.612
Asys_floracion(SC),0.092,0.56
Asys_floracion(SC),0.102,0.585
Asys_floracion(SC),0.084,0.544
Asys_floracion(SC),0.088,0.599
Asys_floracion(SC),0.13,0.67
Asys_floracion(SC),0.084,0.614
Asys_floracion(SC),0.111,0.55
Asys_floracion(SC),0.094,0.519
Asys_floracion(SC),0.063,0.434
Asys_floracion(SC),0.072,0.484
Asys_floracion(SC),0.068,0.462
Asys_floracion(SC),0.089,0.55
Asys_floracion(SC),0.126,0.698
Asys_floracion(SC),0.12,0.675
Asys_floracion(SC),0.103,0.611
Asys_floracion(SC),0.124,0.76
Asys_floracion(SC),0.161,0.78
Asys_floracion(SC),0.105,0.69
Asys_floracion(SC),0.105,0.621
Asys_floracion(SC),0.107,0.613
Asys_floracion(SC),0.093,0.561
Asys_floracion(SC),0.102,0.586
Asys_floracion(SC),0.084,0.545
Asys_floracion(SC),0.088,0.6
Asys_floracion(SC),0.131,0.671
Asys_floracion(SC),0.084,0.614
Asys_floracion(SC),0.111,0.551
Asys_floracion(SC),0.095,0.52
Asys_floracion(SC),0.063,0.435
Asys_floracion(SC),0.073,0.486
Asys_floracion(SC),0.068,0.463
Asys_floracion(SC),0.09,0.551
Asys_floracion(SC),0.126,0.699
Asys_floracion(SC),0.121,0.676
Asys_floracion(SC),0.103,0.611
Asys_floracion(SC),0.125,0.76
Asys_floracion(SC),0.162,0.781
Asys_floracion(SC),0.106,0.69
Asys_floracion(SC),0.106,0.621
Asys_floracion(SC),0.108,0.614
Asys_floracion(SC),0.093,0.563
Asys_floracion(SC),0.102,0.587
Asys_floracion(SC),0.085,0.546
Asys_floracion(SC),0.089,0.601
Asys_floracion(SC),0.131,0.671
Asys_floracion(SC),0.084,0.614
Asys_floracion(SC),0.111,0.552
Asys_floracion(SC),0.095,0.52
Asys_floracion(SC),0.063,0.435
Asys_floracion(SC),0.073,0.487
Asys_floracion(SC),0.068,0.464
Asys_floracion(SC),0.09,0.552
Asys_floracion(SC),0.127,0.699
Asys_floracion(SC),0.121,0.676
Asys_floracion(SC),0.104,0.611
Asys_floracion(SC),0.125,0.761
Asys_floracion(SC),0.162,0.781
Asys_floracion(SC),0.106,0.69
Asys_floracion(SC),0.106,0.622
Asys_floracion(SC),0.108,0.614
Asys_floracion(SC),0.093,0.563
Asys_floracion(SC),0.103,0.588
Asys_floracion(SC),0.085,0.547
Asys_floracion(SC),0.089,0.601
Asys_floracion(SC),0.132,0.671
Asys_floracion(SC),0.084,0.615
Asys_floracion(SC),0.112,0.551
Asys_floracion(SC),0.095,0.52
Asys_floracion(SC),0.063,0.435
Asys_floracion(SC),0.073,0.486
Asys_floracion(SC),0.068,0.463
Asys_floracion(SC),0.09,0.552
Asys_floracion(SC),0.127,0.699
Asys_floracion(SC),0.121,0.676
Asys_floracion(SC),0.104,0.611
Asys_floracion(SC),0.125,0.761
Asys_floracion(SC),0.163,0.781
Asys_floracion(SC),0.106,0.69
Asys_floracion(SC),0.106,0.622
Asys_floracion(SC),0.108,0.614
Asys_floracion(SC),0.093,0.563
Asys_floracion(SC),0.103,0.588
Asys_floracion(SC),0.085,0.547
Asys_floracion(SC),0.089,0.601
Asys_floracion(SC),0.132,0.671
Asys_floracion(SC),0.084,0.614
Asys_floracion(SC),0.112,0.55
Asys_floracion(SC),0.095,0.519
Asys_floracion(SC),0.063,0.434
Asys_floracion(SC),0.073,0.485
Asys_floracion(SC),0.068,0.463
Asys_floracion(SC),0.09,0.55
Asys_floracion(SC),0.127,0.699
Asys_floracion(SC),0.121,0.676
Asys_floracion(SC),0.104,0.612
Asys_floracion(SC),0.125,0.761
Asys_floracion(SC),0.163,0.781
Asys_floracion(SC),0.106,0.69
Asys_floracion(SC),0.106,0.621
Asys_floracion(SC),0.108,0.613
Asys_floracion(SC),0.093,0.562
Asys_floracion(SC),0.103,0.586
Asys_floracion(SC),0.085,0.546
Asys_floracion(SC),0.089,0.6
Asys_floracion(SC),0.132,0.67
Asys_floracion(SC),0.084,0.614
Asys_floracion(SC),0.111,0.548
Asys_floracion(SC),0.095,0.517
Asys_floracion(SC),0.063,0.432
Asys_floracion(SC),0.073,0.482
Asys_floracion(SC),0.068,0.461
Asys_floracion(SC),0.09,0.548
Asys_floracion(SC),0.127,0.698
Asys_floracion(SC),0.121,0.675
Asys_floracion(SC),0.104,0.613
Asys_floracion(SC),0.125,0.761
Asys_floracion(SC),0.163,0.78
Asys_floracion(SC),0.106,0.69
Asys_floracion(SC),0.106,0.62
Asys_floracion(SC),0.108,0.611
Asys_floracion(SC),0.093,0.561
Asys_floracion(SC),0.102,0.584
Asys_floracion(SC),0.085,0.544
Asys_floracion(SC),0.089,0.598
Asys_floracion(SC),0.131,0.669
Asys_floracion(SC),0.084,0.614
Asys_floracion(SC),0.111,0.546
Asys_floracion(SC),0.095,0.514
Asys_floracion(SC),0.063,0.43
Asys_floracion(SC),0.072,0.478
Asys_floracion(SC),0.068,0.46
Asys_floracion(SC),0.09,0.545
Asys_floracion(SC),0.127,0.696
Asys_floracion(SC),0.121,0.674
Asys_floracion(SC),0.103,0.613
Asys_floracion(SC),0.125,0.761
Asys_floracion(SC),0.162,0.779
Asys_floracion(SC),0.106,0.689
Asys_floracion(SC),0.106,0.618
Asys_floracion(SC),0.108,0.609
Asys_floracion(SC),0.093,0.559
Asys_floracion(SC),0.102,0.581
Asys_floracion(SC),0.085,0.542
Asys_floracion(SC),0.088,0.595
Asys_floracion(SC),0.131,0.667
Asys_floracion(SC),0.083,0.614
Asys_floracion(SC),0.111,0.543
Asys_floracion(SC),0.094,0.51
Asys_floracion(SC),0.063,0.427
Asys_floracion(SC),0.072,0.474
Asys_floracion(SC),0.068,0.458
Asys_floracion(SC),0.089,0.541
Asys_floracion(SC),0.126,0.694
Asys_floracion(SC),0.121,0.672
Asys_floracion(SC),0.103,0.615
Asys_floracion(SC),0.124,0.761
Asys_floracion(SC),0.162,0.779
Asys_floracion(SC),0.105,0.688
Asys_floracion(SC),0.105,0.616
Asys_floracion(SC),0.108,0.607
Asys_floracion(SC),0.093,0.556
Asys_floracion(SC),0.102,0.578
Asys_floracion(SC),0.084,0.539
Asys_floracion(SC),0.088,0.592
Asys_floracion(SC),0.13,0.666
Asys_floracion(SC),0.083,0.613
Asys_floracion(SC),0.11,0.54
Asys_floracion(SC),0.094,0.507
Asys_floracion(SC),0.062,0.424
Asys_floracion(SC),0.072,0.469
Asys_floracion(SC),0.067,0.455
Asys_floracion(SC),0.089,0.537
Asys_floracion(SC),0.126,0.692
Asys_floracion(SC),0.12,0.67
Asys_floracion(SC),0.102,0.616
Asys_floracion(SC),0.123,0.761
Asys_floracion(SC),0.161,0.778
Asys_floracion(SC),0.104,0.687
Asys_floracion(SC),0.105,0.614
Asys_floracion(SC),0.107,0.604
Asys_floracion(SC),0.092,0.553
Asys_floracion(SC),0.101,0.574
Asys_floracion(SC),0.084,0.536
Asys_floracion(SC),0.087,0.589
Asys_floracion(SC),0.129,0.664
Asys_floracion(SC),0.082,0.613
Asys_floracion(SC),0.109,0.537
Asys_floracion(SC),0.093,0.503
Asys_floracion(SC),0.062,0.42
Asys_floracion(SC),0.071,0.464
Asys_floracion(SC),0.067,0.452
Asys_floracion(SC),0.088,0.533
Asys_floracion(SC),0.125,0.69
Asys_floracion(SC),0.119,0.669
Asys_floracion(SC),0.102,0.617
Asys_floracion(SC),0.123,0.761
Asys_floracion(SC),0.16,0.778
Asys_floracion(SC),0.104,0.686
Asys_floracion(SC),0.104,0.612
Asys_floracion(SC),0.106,0.601
Asys_floracion(SC),0.091,0.55
Asys_floracion(SC),0.1,0.57
Asys_floracion(SC),0.083,0.533
Asys_floracion(SC),0.087,0.585
Asys_floracion(SC),0.128,0.662
Asys_floracion(SC),0.081,0.612
Asys_floracion(SC),0.108,0.534
Asys_floracion(SC),0.092,0.499
Asys_floracion(SC),0.061,0.417
Asys_floracion(SC),0.07,0.46
Asys_floracion(SC),0.066,0.45
Asys_floracion(SC),0.087,0.529
Asys_floracion(SC),0.124,0.688
Asys_floracion(SC),0.118,0.667
Asys_floracion(SC),0.101,0.618
Asys_floracion(SC),0.122,0.762
Asys_floracion(SC),0.159,0.777
Asys_floracion(SC),0.103,0.685
Asys_floracion(SC),0.103,0.61
Asys_floracion(SC),0.105,0.598
Asys_floracion(SC),0.091,0.547
Asys_floracion(SC),0.099,0.566
Asys_floracion(SC),0.082,0.53
Asys_floracion(SC),0.086,0.582
Asys_floracion(SC),0.126,0.661
Asys_floracion(SC),0.08,0.612
Asys_floracion(SC),0.107,0.531
Asys_floracion(SC),0.091,0.496
Asys_floracion(SC),0.061,0.414
Asys_floracion(SC),0.07,0.456
Asys_floracion(SC),0.066,0.448
Asys_floracion(SC),0.086,0.526
Asys_floracion(SC),0.123,0.687
Asys_floracion(SC),0.117,0.666
Asys_floracion(SC),0.1,0.619
Asys_floracion(SC),0.12,0.762
Asys_floracion(SC),0.157,0.777
Asys_floracion(SC),0.101,0.684
Asys_floracion(SC),0.102,0.608
Asys_floracion(SC),0.104,0.596
Asys_floracion(SC),0.09,0.545
Asys_floracion(SC),0.098,0.563
Asys_floracion(SC),0.082,0.528
Asys_floracion(SC),0.085,0.579
Asys_floracion(SC),0.125,0.661
Asys_floracion(SC),0.079,0.612
Asys_floracion(SC),0.106,0.53
Asys_floracion(SC),0.09,0.494
Asys_floracion(SC),0.06,0.413
Asys_floracion(SC),0.069,0.454
Asys_floracion(SC),0.065,0.447
Asys_floracion(SC),0.085,0.525
Asys_floracion(SC),0.121,0.687
Asys_floracion(SC),0.116,0.666
Asys_floracion(SC),0.099,0.62
Asys_floracion(SC),0.119,0.762
Asys_floracion(SC),0.156,0.777
Asys_floracion(SC),0.1,0.684
Asys_floracion(SC),0.101,0.608
Asys_floracion(SC),0.103,0.595
Asys_floracion(SC),0.089,0.544
Asys_floracion(SC),0.097,0.562
Asys_floracion(SC),0.081,0.527
Asys_floracion(SC),0.084,0.578
Asys_floracion(SC),0.124,0.662
Asys_floracion(SC),0.078,0.612
Asys_floracion(SC),0.105,0.53
Asys_floracion(SC),0.089,0.494
Asys_floracion(SC),0.059,0.414
Asys_floracion(SC),0.068,0.455
Asys_floracion(SC),0.064,0.448
Asys_floracion(SC),0.084,0.526
Asys_floracion(SC),0.12,0.687
Asys_floracion(SC),0.115,0.666
Asys_floracion(SC),0.098,0.62
Asys_floracion(SC),0.118,0.763
Asys_floracion(SC),0.154,0.777
Asys_floracion(SC),0.099,0.685
Asys_floracion(SC),0.099,0.608
Asys_floracion(SC),0.102,0.595
Asys_floracion(SC),0.087,0.545
Asys_floracion(SC),0.096,0.562
Asys_floracion(SC),0.08,0.527
Asys_floracion(SC),0.083,0.578
Asys_floracion(SC),0.122,0.662
Asys_floracion(SC),0.077,0.613
Asys_floracion(SC),0.104,0.531
Asys_floracion(SC),0.088,0.495
Asys_floracion(SC),0.058,0.415
Asys_floracion(SC),0.067,0.457
Asys_floracion(SC),0.063,0.449
Asys_floracion(SC),0.083,0.528
Asys_floracion(SC),0.118,0.688
Asys_floracion(SC),0.113,0.668
Asys_floracion(SC),0.097,0.62
Asys_floracion(SC),0.116,0.763
Asys_floracion(SC),0.152,0.777
Asys_floracion(SC),0.098,0.685
Asys_floracion(SC),0.098,0.609
Asys_floracion(SC),0.1,0.597
Asys_floracion(SC),0.086,0.547
Asys_floracion(SC),0.095,0.563
Asys_floracion(SC),0.079,0.529
Asys_floracion(SC),0.082,0.578
Asys_floracion(SC),0.12,0.663
Asys_floracion(SC),0.076,0.614
Asys_floracion(SC),0.102,0.533
Asys_floracion(SC),0.087,0.497
Asys_floracion(SC),0.058,0.417
Asys_floracion(SC),0.066,0.459
Asys_floracion(SC),0.062,0.451
Asys_floracion(SC),0.081,0.53
Asys_floracion(SC),0.117,0.689
Asys_floracion(SC),0.112,0.669
Asys_floracion(SC),0.095,0.62
Asys_floracion(SC),0.115,0.763
Asys_floracion(SC),0.15,0.778
Asys_floracion(SC),0.096,0.686
Asys_floracion(SC),0.096,0.61
Asys_floracion(SC),0.099,0.598
Asys_floracion(SC),0.085,0.549
Asys_floracion(SC),0.093,0.565
Asys_floracion(SC),0.077,0.53
Asys_floracion(SC),0.08,0.58
Asys_floracion(SC),0.118,0.664
Asys_floracion(SC),0.074,0.614
Asys_floracion(SC),0.101,0.535
Asys_floracion(SC),0.086,0.5
Asys_floracion(SC),0.057,0.419
Asys_floracion(SC),0.065,0.462
Asys_floracion(SC),0.061,0.452
Asys_floracion(SC),0.08,0.532
Asys_floracion(SC),0.115,0.691
Asys_floracion(SC),0.11,0.67
Asys_floracion(SC),0.094,0.62
Asys_floracion(SC),0.113,0.763
Asys_floracion(SC),0.148,0.778
Asys_floracion(SC),0.094,0.687
Asys_floracion(SC),0.095,0.611
Asys_floracion(SC),0.097,0.6
Asys_floracion(SC),0.084,0.551
Asys_floracion(SC),0.092,0.568
Asys_floracion(SC),0.076,0.532
Asys_floracion(SC),0.079,0.582
Asys_floracion(SC),0.116,0.665
Asys_floracion(SC),0.073,0.614
Asys_floracion(SC),0.099,0.536
Asys_floracion(SC),0.084,0.501
Asys_floracion(SC),0.056,0.42
Asys_floracion(SC),0.064,0.464
Asys_floracion(SC),0.06,0.453
Asys_floracion(SC),0.078,0.533
Asys_floracion(SC),0.113,0.691
Asys_floracion(SC),0.108,0.67
Asys_floracion(SC),0.092,0.619
Asys_floracion(SC),0.111,0.763
Asys_floracion(SC),0.146,0.778
Asys_floracion(SC),0.093,0.687
Asys_floracion(SC),0.093,0.612
Asys_floracion(SC),0.096,0.601
Asys_floracion(SC),0.082,0.551
Asys_floracion(SC),0.09,0.569
Asys_floracion(SC),0.075,0.533
Asys_floracion(SC),0.078,0.584
Asys_floracion(SC),0.114,0.665
Asys_floracion(SC),0.072,0.613
Asys_floracion(SC),0.097,0.537
Asys_floracion(SC),0.083,0.502
Asys_floracion(SC),0.055,0.42
Asys_floracion(SC),0.062,0.464
Asys_floracion(SC),0.059,0.453
Asys_floracion(SC),0.077,0.533
Asys_floracion(SC),0.111,0.691
Asys_floracion(SC),0.106,0.67
Asys_floracion(SC),0.091,0.618
Asys_floracion(SC),0.109,0.763
Asys_floracion(SC),0.143,0.779
Asys_floracion(SC),0.091,0.687
Asys_floracion(SC),0.091,0.612
Asys_floracion(SC),0.094,0.601
Asys_floracion(SC),0.081,0.551
Asys_floracion(SC),0.089,0.57
Asys_floracion(SC),0.073,0.534
Asys_floracion(SC),0.076,0.585
Asys_floracion(SC),0.112,0.665
Asys_floracion(SC),0.07,0.613
Asys_floracion(SC),0.095,0.537
Asys_floracion(SC),0.081,0.503
Asys_floracion(SC),0.053,0.421
Asys_floracion(SC),0.061,0.465
Asys_floracion(SC),0.058,0.453
Asys_floracion(SC),0.075,0.534
Asys_floracion(SC),0.109,0.691
Asys_floracion(SC),0.105,0.67
Asys_floracion(SC),0.089,0.618
Asys_floracion(SC),0.107,0.763
Asys_floracion(SC),0.141,0.779
Asys_floracion(SC),0.089,0.687
Asys_floracion(SC),0.089,0.612
Asys_floracion(SC),0.092,0.601
Asys_floracion(SC),0.079,0.551
Asys_floracion(SC),0.087,0.57
Asys_floracion(SC),0.072,0.534
Asys_floracion(SC),0.075,0.586
Asys_floracion(SC),0.11,0.665
Asys_floracion(SC),0.069,0.614
Asys_floracion(SC),0.094,0.537
Asys_floracion(SC),0.08,0.503
Asys_floracion(SC),0.052,0.422
Asys_floracion(SC),0.06,0.465
Asys_floracion(SC),0.057,0.454
Asys_floracion(SC),0.073,0.535
Asys_floracion(SC),0.107,0.692
Asys_floracion(SC),0.103,0.671
Asys_floracion(SC),0.087,0.619
Asys_floracion(SC),0.105,0.763
Asys_floracion(SC),0.138,0.778
Asys_floracion(SC),0.087,0.687
Asys_floracion(SC),0.088,0.613
Asys_floracion(SC),0.09,0.602
Asys_floracion(SC),0.077,0.552
Asys_floracion(SC),0.085,0.571
Asys_floracion(SC),0.07,0.534
Asys_floracion(SC),0.073,0.585
Asys_floracion(SC),0.108,0.666
Asys_floracion(SC),0.067,0.614
Asys_floracion(SC),0.092,0.538
Asys_floracion(SC),0.078,0.504
Asys_floracion(SC),0.051,0.423
Asys_floracion(SC),0.059,0.467
Asys_floracion(SC),0.055,0.455
Asys_floracion(SC),0.072,0.536
Asys_floracion(SC),0.105,0.692
Asys_floracion(SC),0.101,0.672
Asys_floracion(SC),0.086,0.619
Asys_floracion(SC),0.103,0.762
Asys_floracion(SC),0.135,0.778
Asys_floracion(SC),0.085,0.687
Asys_floracion(SC),0.086,0.613
Asys_floracion(SC),0.088,0.602
Asys_floracion(SC),0.076,0.553
Asys_floracion(SC),0.083,0.571
Asys_floracion(SC),0.069,0.535
Asys_floracion(SC),0.071,0.585
Asys_floracion(SC),0.105,0.666
Asys_floracion(SC),0.066,0.614
Asys_floracion(SC),0.09,0.538
Asys_floracion(SC),0.077,0.505
Asys_floracion(SC),0.05,0.423
Asys_floracion(SC),0.057,0.468
Asys_floracion(SC),0.054,0.455
Asys_floracion(SC),0.07,0.537
Asys_floracion(SC),0.103,0.692
Asys_floracion(SC),0.099,0.672
Asys_floracion(SC),0.084,0.618
Asys_floracion(SC),0.101,0.762
Asys_floracion(SC),0.132,0.778
Asys_floracion(SC),0.083,0.687
Asys_floracion(SC),0.084,0.613
Asys_floracion(SC),0.087,0.603
Asys_floracion(SC),0.074,0.554
Asys_floracion(SC),0.081,0.572
Asys_floracion(SC),0.067,0.535
Asys_floracion(SC),0.07,0.586
